frame,MLTx,MLTy,MLTz,MLTR1,MLTR2,MLTR3,MLTR4,MLTR5,MLTR6,MLTR7,MLTR8,MLTR9,MLTTVx,MLTTVy,MLTTVz,MLTRVx,MLTRVy,MLTRVz,MLGA,MRTx,MRTy,MRTz,MRTR1,MRTR2,MRTR3,MRTR4,MRTR5,MRTR6,MRTR7,MRTR8,MRTR9,MRTTVx,MRTTVy,MRTTVz,MRTRVx,MRTRVy,MRTRVz,MRGA,SLTx,SLTy,SLTz,SLTR1,SLTR2,SLTR3,SLTR4,SLTR5,SLTR6,SLTR7,SLTR8,SLTR9,SLTTVx,SLTTVy,SLTTVz,SLTRVx,SLTRVy,SLTRVz,SLGA,SRTx,SRTy,SRTz,SRTR1,SRTR2,SRTR3,SRTR4,SRTR5,SRTR6,SRTR7,SRTR8,SRTR9,SRTTVx,SRTTVy,SRTTVz,SRTRVx,SRTRVy,SRTRVz,SRGA
53,0.091323,0.005453,0.349454,-0.53716,0.582653,-0.609935,-0.723104,-0.690345,-0.022728,-0.433647,0.428109,0.792906,-0.012074,0.014979,-0.005526,-0.154719,-0.383193,-0.392861,-1.912752,-0.083838,0.040148,0.332326,-0.033799,0.632307,0.773975,-0.879354,0.349245,-0.323572,-0.47483,-0.692319,0.543226,0.004994,-0.030143,0.042743,-0.073157,-0.311481,-0.516476,-1.406243,0.051197,0.040313,-0.01446,0.244372,-0.675839,0.695358,0.839503,-0.211434,-0.500528,0.485299,0.706071,0.515701,0.003562,-0.020477,0.025384,-0.08083,-0.57432,-0.455036,-0.864911,0.082356,0.024756,-0.06486,-0.379142,0.697894,-0.607613,-0.857294,-0.512069,-0.053214,-0.348278,0.500728,0.792447,-0.005491,0.013069,-0.006895,-0.058094,-0.718299,-0.177716,-0.886197
54,0.090742,0.006331,0.349176,-0.531153,0.568004,-0.628724,-0.721739,-0.691971,-0.015493,-0.443205,0.444835,0.778279,-0.024088,0.022357,0.00019,-0.103075,-0.362282,0.008182,-1.912917,-0.083853,0.038585,0.3338,-0.06003,0.638135,0.767575,-0.873929,0.337998,-0.349198,-0.482168,-0.692561,0.536411,-0.004477,-0.044407,0.033139,0.097338,-0.270954,-0.788298,-1.406413,0.051189,0.039527,-0.013702,0.269485,-0.676871,0.684998,0.82859,-0.199496,-0.523104,0.490729,0.708552,0.507088,-0.002121,-0.022709,0.016157,0.101104,-0.215061,-0.745235,-0.863442,0.082068,0.025185,-0.065007,-0.376515,0.681937,-0.627055,-0.856374,-0.514374,-0.045183,-0.353353,0.519982,0.777663,-0.00531,0.009805,-0.000821,-0.09299,-0.257076,-0.127869,-0.885544
55,0.090361,0.006835,0.349186,-0.529008,0.562772,-0.635204,-0.72191,-0.691865,-0.011837,-0.445486,0.451595,0.773066,-0.022778,0.026501,0.003626,-0.121321,-0.308328,-0.156873,-1.913003,-0.083897,0.037729,0.334335,-0.071358,0.639012,0.765874,-0.871617,0.33341,-0.359243,-0.484789,-0.693977,0.532201,-0.005392,-0.038116,0.021474,-0.056997,-0.218047,-0.503337,-1.406171,0.051169,0.039113,-0.013442,0.280175,-0.676397,0.681166,0.82392,-0.194685,-0.532214,0.492601,0.71034,0.502752,-0.001363,-0.025363,0.014053,-0.070285,-0.525885,-0.542341,-0.860666,0.081868,0.025441,-0.065005,-0.375262,0.67692,-0.633211,-0.856633,-0.51421,-0.042035,-0.354059,0.526656,0.772836,-0.011307,0.013513,0.002041,-0.116694,-0.300276,-0.153361,-0.882768
56,0.089638,0.0079,0.349464,-0.525064,0.560168,-0.640753,-0.723017,-0.690715,-0.011453,-0.448347,0.456562,0.768481,-0.020964,0.032054,0.008169,0.029708,-0.02469,0.002563,-1.912763,-0.083991,0.036216,0.334976,-0.079008,0.640049,0.764256,-0.857332,0.347603,-0.379591,-0.508482,-0.686006,0.520293,-0.006111,-0.032594,0.009167,1.190411,-0.548494,0.550059,-1.405958,0.051124,0.038349,-0.013122,0.288738,-0.677265,0.676713,0.807883,-0.20694,-0.551815,0.513764,0.706036,0.487399,-0.002988,-0.016761,0.004317,4.171316,-2.134791,2.751129,-0.863932,0.081517,0.025955,-0.064875,-0.371932,0.673553,-0.638742,-0.857433,-0.512911,-0.041591,-0.355632,0.53221,0.768295,-0.010501,0.015983,0.004061,0.050482,-0.09218,0.191488,-0.884564
57,0.089144,0.008852,0.350174,-0.522735,0.561083,-0.641856,-0.72417,-0.689478,-0.013022,-0.449209,0.457305,0.767536,-0.006543,0.024767,0.019934,-8.5e-05,-0.013987,0.020424,-1.912937,-0.084405,0.034876,0.335116,-0.083072,0.639771,0.764057,-0.843117,0.363664,-0.396026,-0.531088,-0.677883,0.508215,-0.006686,-0.027625,-0.003677,4.244507,-2.208514,2.832758,-1.406011,0.050917,0.037677,-0.013048,0.295329,-0.675591,0.675541,0.793945,-0.21977,-0.566879,0.531442,0.703759,0.471478,-0.009754,-0.015317,-0.002159,0.122294,0.178831,-0.256326,-0.862625,0.081262,0.026441,-0.064519,-0.369389,0.674199,-0.639535,-0.858238,-0.511411,-0.04342,-0.356339,0.532835,0.767533,-0.009751,0.01447,0.011482,-0.000319,-0.012919,0.016366,-0.882931
58,0.088937,0.009384,0.350612,-0.522178,0.56129,-0.642129,-0.724466,-0.689161,-0.013349,-0.44938,0.457528,0.767302,-0.00583,0.026947,0.021631,0.000362,-0.028333,0.045416,-1.913063,-0.084581,0.034326,0.334991,-0.08188,0.642348,0.762021,-0.836314,0.371639,-0.402986,-0.541918,-0.671084,0.505801,-0.006445,-0.02859,-0.004486,0.106431,-0.127506,-0.087174,-1.405849,0.050833,0.037405,-0.013108,0.290721,-0.678888,0.674233,0.785666,-0.2328,-0.573177,0.546085,0.696357,0.4657,-0.00308,-0.014808,-0.002643,1.443409,-0.650068,0.477577,-0.862952,0.081166,0.026697,-0.064307,-0.368804,0.674287,-0.639779,-0.858445,-0.511035,-0.043743,-0.356446,0.533083,0.767311,-0.002721,0.014141,0.011376,0.000332,-0.028247,0.04558,-0.884564
59,0.088761,0.010418,0.351544,-0.520522,0.561991,-0.642859,-0.725424,-0.688133,-0.014277,-0.449756,0.458211,0.766674,-0.005049,0.029277,0.023318,0.00036,-0.028316,0.045426,-1.912998,-0.084751,0.033502,0.33464,-0.093584,0.64545,0.758041,-0.826359,0.374356,-0.42062,-0.555116,-0.666581,0.497372,-0.00639,-0.028956,-0.004841,0.009575,-0.172702,-0.231778,-1.405598,0.050744,0.03697,-0.013294,0.301711,-0.68009,0.668166,0.772899,-0.235853,-0.589066,0.558207,0.694154,0.454482,-0.00315,-0.014624,-0.002539,-0.008453,-0.220892,-0.265198,-0.865728,0.081072,0.027228,-0.06383,-0.36702,0.674615,-0.640459,-0.859128,-0.509806,-0.044664,-0.356641,0.533845,0.76669,0.003663,0.008032,0.015174,-0.033141,-0.024538,0.059476,-0.892565
60,0.08894,0.011489,0.352441,-0.517832,0.561108,-0.645796,-0.726665,-0.686826,-0.014162,-0.450858,0.461242,0.764205,0.008346,0.02682,0.021497,-0.004423,-0.054224,0.068667,-1.913016,-0.084946,0.032695,0.334087,-0.097139,0.64788,0.755518,-0.807995,0.391945,-0.439839,-0.580928,-0.653987,0.484446,-0.007822,-0.02089,-0.015307,1.408924,-0.564189,0.580074,-1.405628,0.050649,0.036576,-0.013564,0.305728,-0.68205,0.664332,0.753932,-0.252703,-0.606405,0.581477,0.686257,0.436961,0.002576,-0.009226,-0.007462,4.77639,-1.948305,2.11081,-0.861482,0.081158,0.027769,-0.063377,-0.364563,0.673007,-0.643548,-0.860047,-0.508283,-0.044343,-0.356948,0.537316,0.764119,0.004173,0.013447,0.010781,0.008705,-0.030409,0.081044,-0.888973
61,0.089102,0.011965,0.352848,-0.516473,0.561699,-0.646371,-0.727393,-0.686036,-0.015038,-0.451244,0.461697,0.763702,0.007481,0.024084,0.01921,0.000813,-0.028844,0.049897,-1.912441,-0.085018,0.032332,0.3338,-0.097285,0.650512,0.753234,-0.798934,0.400317,-0.44876,-0.593299,-0.646252,0.47981,0.004512,-0.015946,-0.013119,1.850574,1.13078,-1.766662,-1.405566,0.05061,0.036387,-0.013713,0.302887,-0.684551,0.66306,0.74569,-0.263021,-0.61218,0.593467,0.679859,0.430797,-0.003993,-0.010159,-0.007443,0.021872,-0.291342,-0.307999,-0.85789,0.081241,0.028014,-0.063168,-0.363055,0.673458,-0.643929,-0.860565,-0.507313,-0.045381,-0.357236,0.537667,0.763737,0.009991,0.005746,0.013357,-0.029522,-0.034474,0.091511,-0.889953
62,0.089467,0.012766,0.353576,-0.520569,0.556694,-0.647414,-0.720631,-0.693099,-0.016618,-0.457332,0.4572,0.762786,0.006523,0.021086,0.016672,0.097505,-0.026192,-0.063825,-1.912805,-0.084969,0.031716,0.333346,-0.099548,0.651399,0.75217,-0.779774,0.418544,-0.465519,-0.617895,-0.633677,0.46532,0.003858,-0.013642,-0.011285,5.96909,-1.210444,0.919258,-1.405893,0.050635,0.036076,-0.013942,0.308568,-0.684565,0.66042,0.727648,-0.277289,-0.627406,0.612628,0.674151,0.412561,0.001807,-0.006364,-0.005266,-0.017046,0.010942,-0.01463,-0.851685,0.081424,0.028416,-0.062802,-0.368046,0.669583,-0.645135,-0.855559,-0.515565,-0.047011,-0.364087,0.534649,0.76262,0.009896,0.009286,0.007512,0.327487,-0.050229,-0.278678,-0.88783
63,0.089993,0.013389,0.354214,-0.52411,0.545705,-0.653881,-0.713456,-0.70056,-0.012881,-0.464467,0.459083,0.757324,0.019013,0.016204,0.013039,-0.146274,-0.337132,-0.085941,-1.913224,-0.084851,0.031142,0.33294,-0.101784,0.652754,0.750696,-0.759865,0.436075,-0.482055,-0.64186,-0.620307,0.450663,0.003851,-0.013612,-0.011318,-0.004585,0.031056,-0.048391,-1.405451,0.050693,0.035792,-0.014142,0.309088,-0.686085,0.658597,0.70355,-0.301001,-0.64375,0.639906,0.662332,0.38966,0.001829,-0.006434,-0.005353,-0.018148,0.006974,-0.017043,-0.851521,0.081682,0.028729,-0.062482,-0.373799,0.660504,-0.651158,-0.85024,-0.524552,-0.043998,-0.370628,0.537195,0.757664,0.002879,0.009389,0.007362,-0.244879,-0.506579,-0.213886,-0.885217
64,0.090518,0.013763,0.354757,-0.527917,0.534474,-0.660065,-0.706066,-0.708072,-0.008718,-0.471383,0.460779,0.752002,0.002643,0.001165,0.017902,-0.150124,-0.22775,-0.121103,-1.913258,-0.084684,0.030618,0.332552,-0.091489,0.656246,0.748975,-0.73104,0.466499,-0.497888,-0.675982,-0.593902,0.436109,0.016202,-0.00838,-0.008884,0.166264,0.11753,-0.137867,-1.405722,0.050772,0.035529,-0.014336,0.298506,-0.690822,0.658528,0.676466,-0.333592,-0.656589,0.673265,0.641467,0.367739,0.002869,-0.011717,-0.001209,1.795095,1.329021,-1.653645,-0.852828,0.081946,0.028924,-0.062211,-0.379886,0.65011,-0.65806,-0.844784,-0.533645,-0.039519,-0.376863,0.540906,0.751926,0.001899,0.006237,0.004857,-0.20242,-0.427965,-0.171704,-0.884564
65,0.090651,0.013895,0.354926,-0.533482,0.528559,-0.660354,-0.698098,-0.715924,-0.009145,-0.47694,0.455452,0.751744,0.002598,0.00851,0.006625,1.093306,-0.003142,-1.223594,-1.914118,-0.084571,0.030392,0.332407,-0.090805,0.657291,0.74814,-0.721077,0.474809,-0.504517,-0.686689,-0.586102,0.429891,0.01587,-0.007165,-0.007888,0.164163,0.118839,-0.139162,-1.405473,0.050836,0.035408,-0.014417,0.298442,-0.6918,0.657528,0.665926,-0.34259,-0.662701,0.68372,0.635644,0.358444,0.007908,-0.003459,-0.003846,0.166204,0.121045,-0.146013,-0.85593,0.082019,0.028992,-0.062118,-0.385561,0.645666,-0.659133,-0.839686,-0.54164,-0.039397,-0.38245,0.538276,0.750992,0.001163,0.003889,0.00302,3.662349,0.07256,-4.140842,-0.887177
66,0.090855,0.014076,0.355082,-0.537671,0.516761,-0.666268,-0.68989,-0.723879,-0.004789,-0.48411,0.456431,0.746549,0.014323,0.001122,0.001169,1.014595,-0.189795,-1.311153,-1.914596,-0.084206,0.030085,0.332162,-0.092879,0.65898,0.746398,-0.70353,0.487083,-0.517427,-0.704379,-0.573996,0.417423,0.015034,-0.004131,-0.005373,5.94484,-1.551937,0.727066,-1.405043,0.051013,0.035255,-0.014538,0.302051,-0.692319,0.655331,0.652038,-0.351444,-0.671813,0.695421,0.630223,0.345264,0.001189,-0.004159,-0.003503,-0.013846,0.009777,-0.018933,-0.857237,0.082116,0.029082,-0.06204,-0.392085,0.635578,-0.665063,-0.833589,-0.551251,-0.035373,-0.389099,0.54052,0.745948,0.000565,0.001902,0.001464,3.555739,-0.239931,-4.240518,-0.891912
67,0.090999,0.014078,0.355137,-0.538743,0.510222,-0.670428,-0.686183,-0.727406,-0.00226,-0.488163,0.45818,0.742828,2.8e-05,9.2e-05,7.1e-05,-0.007067,-0.015914,-0.00985,-1.91435,-0.08386,0.029891,0.331984,-0.077089,0.660623,0.746744,-0.675458,0.516351,-0.526377,-0.733185,-0.5458,0.405469,0.00356,-0.015714,0.00402,4.096592,-2.891882,2.224838,-1.404824,0.051191,0.035161,-0.014631,0.289002,-0.695578,0.65776,0.62454,-0.383743,-0.680212,0.725552,0.60738,0.323514,0.007209,-0.000937,-0.001757,0.000673,-0.00855,-0.010451,-0.852338,0.082192,0.029082,-0.062014,-0.395613,0.628327,-0.669846,-0.829819,-0.557085,-0.032461,-0.393558,0.543009,0.741789,-5.8e-05,-0.000182,-0.000144,0.012147,0.018318,0.00659,-0.894035
68,0.090953,0.014066,0.355127,-0.538136,0.508333,-0.672348,-0.686236,-0.727359,-0.000751,-0.488758,0.46035,0.741094,-0.000414,-0.001361,-0.001057,-0.046235,-0.093526,-0.052605,-1.914884,-0.083738,0.029778,0.331941,-0.069593,0.658465,0.749381,-0.659217,0.533506,-0.529847,-0.748561,-0.531705,0.395991,0.014164,-0.000996,-0.002757,4.164008,-2.875989,2.294652,-1.404772,0.051247,0.035101,-0.014649,0.281871,-0.694555,0.661922,0.61005,-0.402739,-0.682377,0.740531,0.596148,0.310193,0.000654,-0.00227,-0.001923,0.071093,0.013678,0.079995,-0.852991,0.082169,0.029075,-0.06202,-0.395359,0.626587,-0.671624,-0.82992,-0.557013,-0.031119,-0.393602,0.545091,0.740237,-0.000317,-0.00104,-0.000808,-0.049008,-0.20355,0.114026,-0.894361
69,0.090579,0.013995,0.355179,-0.538297,0.50826,-0.672275,-0.686268,-0.727329,-0.00046,-0.488536,0.460478,0.741161,-0.013864,0.000404,1.3e-05,0.001728,-0.069724,0.118056,-1.915223,-0.08347,0.02957,0.331929,-0.058246,0.651534,0.756374,-0.630851,0.563237,-0.533596,-0.773564,-0.509058,0.377255,0.000538,-0.001878,-0.001585,0.118049,0.245629,0.201148,-1.404697,0.051387,0.034997,-0.014656,0.267273,-0.691133,0.67149,0.582228,-0.439436,-0.684035,0.767837,0.573785,0.284948,0.007909,-0.004984,0.003462,0.472753,0.228191,0.310226,-0.85691,0.081981,0.029036,-0.061997,-0.395523,0.626649,-0.671469,-0.829957,-0.556968,-0.030912,-0.393359,0.545064,0.740387,-0.006942,0.000174,-1.1e-05,0.002184,-0.067913,0.119542,-0.892402
70,0.089999,0.013678,0.355545,-0.543614,0.499419,-0.674619,-0.673774,-0.738906,-0.004156,-0.499886,0.451656,0.739018,-0.014323,-0.008517,0.010045,-0.034245,0.031947,-0.044107,-1.915222,-0.083302,0.02943,0.331934,-0.046415,0.645403,0.762426,-0.596072,0.594625,-0.539494,-0.801453,-0.480314,0.35614,0.000657,-0.002288,-0.001933,1.259413,-0.504711,0.776619,-1.404076,0.051468,0.034937,-0.014651,0.259411,-0.686576,0.679203,0.553598,-0.470553,-0.6871,0.791349,0.554248,0.258021,0.000214,-0.000746,-0.000639,0.5181,0.992932,-0.145722,-0.863278,0.081701,0.02888,-0.061825,-0.402628,0.61922,-0.674133,-0.820177,-0.571056,-0.034685,-0.406446,0.538944,0.737794,-0.007184,-0.004321,0.00498,-0.027763,0.025091,-0.036571,-0.893708
71,0.089335,0.013169,0.356129,-0.544155,0.488036,-0.682467,-0.662347,-0.749139,-0.00768,-0.51434,0.44724,0.731749,-0.0141,-0.007727,0.010663,-0.175899,-0.358798,-0.035505,-1.915458,-0.083261,0.029021,0.33205,-0.031223,0.63748,0.769829,-0.55854,0.627645,-0.542245,-0.828773,-0.447715,0.335485,0.003105,-0.014084,0.00539,0.287394,0.162977,0.424171,-1.403482,0.051488,0.034732,-0.014593,0.241902,-0.681755,0.690429,0.517238,-0.511428,-0.686225,0.820942,0.523116,0.228913,-0.00488,-0.00885,0.002129,1.203831,-0.300996,0.906184,-0.864258,0.081363,0.028622,-0.061529,-0.405495,0.609284,-0.681429,-0.811223,-0.583438,-0.038937,-0.421296,0.537002,0.730847,-0.007543,-0.009176,0.009701,-0.314904,-0.530049,-0.160156,-0.894525
72,0.088909,0.0129,0.356484,-0.54354,0.486224,-0.684248,-0.659407,-0.751695,-0.010422,-0.518744,0.444924,0.730051,-0.027358,-0.005203,0.012311,-0.035165,-0.054374,0.095938,-1.915599,-0.083233,0.028704,0.332164,-0.02658,0.636154,0.771099,-0.540195,0.639952,-0.54643,-0.841009,-0.431871,0.32566,0.003214,-0.014469,0.005067,-0.000719,0.508142,0.165921,-1.403264,0.051503,0.034574,-0.014536,0.236896,-0.681849,0.69207,0.499711,-0.525377,-0.68867,0.833167,0.508979,0.216267,0.001687,-0.00752,0.002288,0.254431,0.26926,0.424318,-0.865401,0.081156,0.028487,-0.061352,-0.405299,0.606323,-0.68418,-0.808836,-0.586621,-0.040722,-0.426046,0.536886,0.728173,-0.007601,-0.009321,0.009595,-0.062342,-0.026183,0.118819,-0.894361
73,0.08799,0.012401,0.357198,-0.544263,0.469066,-0.695558,-0.64513,-0.763982,-0.010482,-0.53564,0.442433,0.719284,-0.027139,-0.004383,0.012942,0.121715,-0.548194,-0.310487,-1.91588,-0.083144,0.027878,0.332465,-0.018261,0.637769,0.770006,-0.506284,0.658249,-0.557062,-0.862073,-0.400821,0.309897,0.003611,-0.015863,0.00389,0.473968,0.427587,-0.554814,-1.402623,0.051547,0.034163,-0.014384,0.229235,-0.682803,0.693707,0.467877,-0.547656,-0.693658,0.853546,0.483581,0.193926,0.002836,-0.013181,0.006161,1.619386,1.314382,-1.781354,-0.867524,0.080696,0.028237,-0.060996,-0.409356,0.591296,-0.694835,-0.79791,-0.601335,-0.041647,-0.442454,0.537368,0.717961,-0.014048,-0.007434,0.010903,0.783937,-0.65456,-1.477128,-0.894688
74,0.087017,0.012071,0.357812,-0.542575,0.452928,-0.70747,-0.631338,-0.775392,-0.0123,-0.553469,0.439411,0.707542,-0.02719,-0.004448,0.012883,-0.212472,-0.558012,0.036087,-1.915792,-0.083047,0.026956,0.332855,-0.011957,0.63666,0.771046,-0.477746,0.673806,-0.563629,-0.878323,-0.37591,0.29513,0.005627,-0.026178,0.012502,-0.080762,0.087727,-0.027084,-1.402467,0.051595,0.033704,-0.014194,0.223672,-0.682702,0.69562,0.439773,-0.566232,-0.697123,0.86981,0.461842,0.173583,0.001556,-0.007092,0.002662,-0.06467,0.046725,-0.003184,-0.86883,0.08021,0.028073,-0.060688,-0.411352,0.575041,-0.707189,-0.786603,-0.615938,-0.043296,-0.460482,0.538467,0.705697,-0.014096,-0.007516,0.010842,-0.335849,-0.659845,-0.29628,-0.894851
75,0.086517,0.011948,0.358113,-0.540835,0.445296,-0.71362,-0.624676,-0.780743,-0.013829,-0.562646,0.437745,0.70131,-0.026926,-0.003578,0.013554,-0.102357,-0.533483,-0.046202,-1.91619,-0.082988,0.026584,0.333024,-0.004431,0.63471,0.772732,-0.459986,0.684887,-0.565045,-0.887832,-0.358755,0.287946,0.003155,-0.014285,0.005238,4.196208,-2.830695,1.721738,-1.402352,0.051626,0.033513,-0.014107,0.219454,-0.682144,0.697509,0.426806,-0.575769,-0.69737,0.877312,0.450742,0.164789,0.001405,-0.006572,0.003102,-0.063884,0.361844,0.249803,-0.869973,0.079959,0.02801,-0.060538,-0.411121,0.56734,-0.713514,-0.781339,-0.622498,-0.044769,-0.469561,0.539092,0.699208,-0.013404,-0.00158,0.006951,0.048338,-0.736262,-0.409451,-0.895341
76,0.085594,0.01162,0.358717,-0.541631,0.433521,-0.720236,-0.61183,-0.79081,-0.015967,-0.575825,0.431471,0.694468,-0.027112,-0.004072,0.013162,1.152792,-0.146327,-0.89356,-1.915907,-0.082841,0.026176,0.333268,0.008263,0.624775,0.780756,-0.430882,0.70685,-0.560927,-0.902304,-0.332572,0.274057,0.002392,-0.011618,0.00751,-0.126333,0.744487,0.462226,-1.402155,0.0517,0.033306,-0.013988,0.202392,-0.676395,0.708185,0.397305,-0.604251,-0.690673,0.895089,0.421153,0.146439,5.9e-05,-0.000225,-0.000191,-0.020282,0.262017,0.190649,-0.86932,0.079498,0.027847,-0.060236,-0.413433,0.555601,-0.721373,-0.772,-0.633966,-0.045832,-0.482791,0.537953,0.691027,-0.014079,-0.00731,0.011007,3.922906,-0.027105,-3.571492,-0.895505
77,0.084752,0.011037,0.359545,-0.537582,0.432516,-0.723865,-0.608172,-0.793468,-0.022515,-0.58344,0.427589,0.690502,-0.014274,-0.015332,0.021775,-0.065451,-0.058569,0.138536,-1.91596,-0.082857,0.0259,0.333254,0.012704,0.613262,0.789772,-0.386484,0.731508,-0.561658,-0.922148,-0.29888,0.245311,0.001348,-0.004705,-0.004004,0.157776,0.788861,0.351995,-1.402308,0.05169,0.033172,-0.013985,0.198722,-0.665509,0.719448,0.35674,-0.63461,-0.685569,0.912822,0.392894,0.111302,0.000826,-0.002904,-0.002469,0.740625,1.141054,-0.150307,-0.866871,0.079071,0.027556,-0.059827,-0.410455,0.553439,-0.724727,-0.767763,-0.638553,-0.052803,-0.492001,0.534746,0.687008,-0.013891,-0.006692,0.011485,-0.067479,-0.121272,0.256232,-0.895178
78,0.084027,0.010351,0.360693,-0.532594,0.431289,-0.728271,-0.60307,-0.797065,-0.031069,-0.593223,0.42211,0.685519,-0.013858,-0.021406,0.034094,0.379267,-0.507439,0.61095,-1.916006,-0.083038,0.025697,0.332894,0.016222,0.595887,0.802899,-0.339706,0.758566,-0.555978,-0.940336,-0.26449,0.213718,0.000184,0.00262,-0.015186,1.269299,-0.159979,0.833637,-1.40146,0.0516,0.03307,-0.014165,0.196937,-0.648618,0.735193,0.315396,-0.668104,-0.673915,0.9283,0.364596,0.072996,0.000143,0.001147,-0.007727,1.290101,-0.134592,0.884839,-0.867687,0.078702,0.027204,-0.059248,-0.405811,0.55126,-0.728992,-0.763464,-0.642944,-0.061191,-0.502434,0.531727,0.68178,-0.006882,-0.010511,0.01721,0.428346,-0.555329,0.661404,-0.893545
79,0.083766,0.010047,0.361331,-0.531654,0.430093,-0.729664,-0.600277,-0.799064,-0.033694,-0.596885,0.419547,0.683912,-0.011903,-0.007978,0.027483,-0.069247,0.037936,-0.035509,-1.916173,-0.083128,0.025649,0.332647,0.018874,0.584709,0.811018,-0.307137,0.775374,-0.551722,-0.951427,-0.239427,0.193197,-0.010624,-0.011804,-0.008122,4.458019,-1.986419,1.522586,-1.401655,0.051559,0.033049,-0.014287,0.196514,-0.639194,0.743513,0.289798,-0.686557,-0.666825,0.936695,0.346509,0.050319,0.000143,0.001121,-0.007756,0.258406,0.894274,0.828977,-0.86834,0.078576,0.027053,-0.05894,-0.404919,0.54993,-0.73049,-0.761093,-0.645472,-0.064044,-0.506732,0.530039,0.679912,-0.006389,-0.008985,0.018391,-0.104196,-0.048746,0.14564,-0.893708
80,0.083429,0.009465,0.362758,-0.529274,0.428166,-0.732522,-0.595108,-0.802669,-0.039253,-0.604128,0.414617,0.680551,0.001622,-0.017265,0.037638,-0.102096,0.027967,0.003727,-1.915987,-0.083204,0.025573,0.33209,0.012237,0.563834,0.825792,-0.257258,0.799869,-0.542183,-0.966206,-0.206528,0.153798,-0.012387,-0.002401,-0.017548,-0.046857,1.014503,0.38891,-1.401759,0.051521,0.033007,-0.014556,0.199816,-0.618847,0.759671,0.241457,-0.720298,-0.650283,0.949616,0.313365,0.005498,0.000248,0.000762,-0.008071,0.243556,1.178003,0.51094,-0.870463,0.078407,0.026768,-0.058241,-0.40309,0.547513,-0.733311,-0.756626,-0.650141,-0.069511,-0.514815,0.526824,0.676328,0.000903,-0.008286,0.019096,-0.101923,-0.0638,0.176487,-0.891259
81,0.083359,0.008889,0.364195,-0.531653,0.422353,-0.734172,-0.585108,-0.809837,-0.042245,-0.611747,0.40658,0.678591,0.001752,-0.016861,0.037931,-0.102075,0.02796,0.003698,-1.916266,-0.083168,0.025485,0.33144,0.007151,0.548514,0.836106,-0.206614,0.818933,-0.535344,-0.978332,-0.169627,0.118134,0.001539,-0.002128,-0.019336,0.344893,0.73427,0.185694,-1.401277,0.051534,0.032964,-0.014892,0.206946,-0.602688,0.770675,0.196032,-0.746208,-0.636194,0.958511,0.282735,-0.03628,0.000807,-0.001172,-0.009749,0.342095,0.734963,0.189761,-0.870953,0.078369,0.026483,-0.057507,-0.406592,0.542435,-0.73515,-0.748449,-0.65922,-0.072463,-0.523933,0.52076,0.674019,0.000796,-0.008612,0.01883,-0.099866,-0.051638,0.153938,-0.890769
82,0.083367,0.008563,0.364899,-0.533195,0.41819,-0.735435,-0.577536,-0.815115,-0.044854,-0.617565,0.4003,0.677053,0.001239,-0.018429,0.036729,-0.098288,-0.052237,0.153629,-1.916021,-0.083075,0.025402,0.331058,0.003244,0.540748,0.841174,-0.183724,0.827219,-0.530932,-0.982904,-0.153516,0.100972,0.002197,-0.004421,-0.021346,4.574776,-1.692707,0.845269,-1.401326,0.051579,0.032926,-0.015074,0.212018,-0.595881,0.774579,0.179734,-0.755302,-0.630248,0.960594,0.272843,-0.053038,0.001107,-0.002215,-0.010667,-0.04481,0.785393,-0.007688,-0.868994,0.078375,0.026318,-0.057139,-0.408998,0.538744,-0.736528,-0.7422,-0.665969,-0.074986,-0.530904,0.515982,0.672236,0.000603,-0.009202,0.018376,-0.100438,-0.050779,0.153756,-0.891585
83,0.083342,0.007852,0.366259,-0.53265,0.413297,-0.73859,-0.566436,-0.822459,-0.051802,-0.628213,0.390253,0.673111,0.000234,-0.02151,0.034391,-0.089709,0.029155,-0.008362,-1.916032,-0.082612,0.025151,0.330183,-0.010629,0.525625,0.850645,-0.151391,0.840077,-0.520851,-0.988332,-0.134992,0.069575,0.01881,-0.016558,-0.016439,0.034025,1.079443,0.454179,-1.401127,0.051799,0.032808,-0.015503,0.222244,-0.580612,0.78326,0.147136,-0.774178,-0.615629,0.963824,0.252066,-0.086628,0.008229,-0.002493,-0.011978,1.406745,-0.008737,0.45349,-0.865728,0.078364,0.025983,-0.056481,-0.409554,0.533838,-0.739784,-0.732701,-0.675605,-0.081893,-0.54352,0.508501,0.66784,0.000626,-0.005425,0.012788,0.086424,-0.122441,0.154638,-0.894525
84,0.083257,0.007107,0.367252,-0.536353,0.404459,-0.740799,-0.54999,-0.833221,-0.056787,-0.639557,0.376466,0.670273,-0.001178,-0.018437,0.019839,-0.066019,0.036703,-0.034244,-1.91625,-0.081942,0.025047,0.329317,-0.022255,0.507967,0.861084,-0.117838,0.853995,-0.506697,-0.992684,-0.1134,0.03977,0.028397,0.002535,-0.019538,0.026974,0.730375,0.554104,-1.401405,0.052134,0.032735,-0.015947,0.234506,-0.561647,0.793447,0.11836,-0.793638,-0.596764,0.964881,0.233857,-0.119637,0.007726,-0.000674,-0.010442,0.353476,0.77487,0.663187,-0.860339,0.078324,0.025614,-0.055969,-0.415066,0.526076,-0.742269,-0.718937,-0.689639,-0.086756,-0.557539,0.497635,0.664461,-0.000828,-0.009896,0.009407,-0.040022,0.042625,-0.063719,-0.892402
85,0.082963,0.006345,0.36785,-0.538437,0.396027,-0.743837,-0.53225,-0.844131,-0.064218,-0.652665,0.360833,0.666225,-0.00309,-0.024284,0.015428,0.077002,-0.098146,0.117971,-1.915799,-0.08107,0.025105,0.328658,-0.036817,0.488833,0.871596,-0.084098,0.867608,-0.490017,-0.99566,-0.091972,0.008072,0.027286,0.006555,-0.016081,-0.025165,0.890592,0.406401,-1.401639,0.052571,0.032762,-0.016284,0.248325,-0.541753,0.803018,0.089814,-0.812537,-0.575949,0.964504,0.215144,-0.153117,0.013718,0.003042,-0.008253,-0.061186,0.551088,0.138376,-0.861482,0.078177,0.025227,-0.055662,-0.418957,0.518375,-0.745493,-0.703943,-0.704018,-0.093929,-0.573532,0.485433,0.65986,-0.007855,-0.006044,0.003724,0.505354,-0.540213,0.656649,-0.895995
86,0.082718,0.005963,0.368051,-0.540598,0.391203,-0.744821,-0.523115,-0.849636,-0.066644,-0.658232,0.353108,0.664885,-0.017199,-0.024065,0.015283,0.007083,0.013797,-0.045922,-1.916373,-0.080544,0.025157,0.328426,-0.043424,0.480855,0.875719,-0.06961,0.87299,-0.482677,-0.996504,-0.08254,-0.005536,0.029168,-0.003131,-0.00695,1.389402,0.12635,0.396138,-1.40153,0.052839,0.03279,-0.016406,0.255712,-0.532987,0.806557,0.079355,-0.819908,-0.566968,0.96349,0.208985,-0.167365,0.01349,0.00404,-0.007539,4.763492,-1.645382,0.435569,-0.864095,0.078059,0.025035,-0.055562,-0.421925,0.514226,-0.746692,-0.696214,-0.711322,-0.096465,-0.580744,0.479157,0.658136,-0.008395,-0.007675,0.002488,0.236231,-0.179659,0.167365,-0.899097
87,0.082112,0.00527,0.368214,-0.542546,0.384626,-0.746828,-0.509269,-0.857593,-0.071776,-0.667413,0.340911,0.662093,-0.016434,-0.006772,-0.005485,-0.001629,0.028007,-0.055186,-1.91671,-0.07949,0.025326,0.328027,-0.045424,0.457516,0.888036,-0.055609,0.886444,-0.459411,-0.997291,-0.070845,-0.01594,0.025957,0.011247,-0.012005,-0.291458,-1.044439,2.506577,-1.401063,0.053367,0.032868,-0.016604,0.258909,-0.511859,0.819125,0.069516,-0.835968,-0.544357,0.963396,0.197881,-0.180858,0.014263,-0.000352,-0.002446,1.503786,0.095509,0.354477,-0.873892,0.077755,0.024679,-0.055475,-0.425239,0.508271,-0.748887,-0.684342,-0.722065,-0.101478,-0.592323,0.469343,0.654881,-0.008805,-0.008872,0.001571,-0.036096,-0.041674,0.102954,-0.897954
88,0.081329,0.004649,0.368158,-0.544732,0.375739,-0.749755,-0.489478,-0.868357,-0.079619,-0.680299,0.323145,0.657874,-0.017892,-0.011011,-0.008772,1.246414,0.068438,-0.969352,-1.916514,-0.07844,0.025671,0.327856,-0.044976,0.436679,0.898488,-0.051891,0.897187,-0.438517,-0.997513,-0.066913,-0.018821,0.026459,0.006169,0.001218,-0.718738,-0.814637,2.508076,-1.400939,0.053893,0.03304,-0.016697,0.256993,-0.492831,0.831307,0.070614,-0.848323,-0.524748,0.963829,0.193558,-0.183213,0.011996,0.008913,-0.003108,-0.01614,0.119128,-0.076225,-0.875199,0.077364,0.024371,-0.055501,-0.428527,0.500867,-0.751994,-0.668486,-0.735683,-0.109064,-0.607856,0.455961,0.650083,-0.009709,-0.011449,-0.000419,4.107946,0.408992,-3.556846,-0.901546
89,0.080929,0.004299,0.368062,-0.54427,0.372305,-0.751801,-0.479633,-0.873296,-0.085309,-0.687635,0.313689,0.654816,-0.018472,-0.012651,-0.010066,0.114811,-0.037528,-0.001886,-1.917095,-0.077963,0.02601,0.327791,-0.043945,0.426123,0.903592,-0.055121,0.902077,-0.427962,-0.997386,-0.069167,-0.017289,0.023419,0.019622,-0.004597,0.001501,0.404383,0.153559,-1.40119,0.054124,0.033198,-0.016725,0.254596,-0.480621,0.839156,0.077759,-0.854766,-0.513154,0.963916,0.195899,-0.180247,0.011526,0.010433,-0.001761,0.01174,0.488179,0.520182,-0.875036,0.077164,0.024196,-0.05555,-0.429563,0.49672,-0.754151,-0.658633,-0.743675,-0.114664,-0.6178,0.447454,0.646612,-0.009241,-0.006351,-0.005037,0.374589,-0.016711,-0.2116,-0.90073
90,0.080156,0.003568,0.36783,-0.538006,0.363926,-0.760363,-0.460043,-0.882569,-0.096976,-0.705702,0.297167,0.643198,-0.00671,-0.027404,-0.004089,-0.058247,-0.144293,0.051496,-1.917414,-0.0772,0.026935,0.327676,-0.037483,0.399527,0.91595,-0.062326,0.913895,-0.401056,-0.997234,-0.07264,-0.010507,0.009014,0.020254,-0.001904,0.005586,0.387358,0.085947,-1.401304,0.054511,0.033661,-0.016783,0.24764,-0.455813,0.854931,0.090867,-0.8676,-0.488888,0.964581,0.198754,-0.173435,0.004336,0.010711,-0.000447,0.038525,0.53103,0.278185,-0.877648,0.076772,0.023833,-0.055669,-0.425132,0.487113,-0.762878,-0.641124,-0.757008,-0.126084,-0.638922,0.435497,0.634128,-0.0095,-0.007018,-0.005596,-0.014715,-0.150912,0.005829,-0.896484
91,0.079538,0.002812,0.367683,-0.523349,0.355962,-0.774236,-0.430652,-0.894462,-0.120203,-0.734667,0.27007,0.622377,-0.01884,-0.020763,0.000609,1.344725,-0.207325,-0.697932,-1.917381,-0.076946,0.027831,0.32756,-0.036766,0.373791,0.92678,-0.063146,0.924701,-0.375333,-0.99721,-0.072809,-0.01156,-0.004392,0.017761,-0.001983,-0.160848,-0.144819,0.695602,-1.401096,0.054649,0.034123,-0.016838,0.247594,-0.430951,0.867742,0.09704,-0.880094,-0.464774,0.963991,0.199281,-0.176087,0.00321,0.015996,-0.004626,-0.546619,-1.199986,2.308342,-0.882383,0.076465,0.023446,-0.05575,-0.411633,0.47685,-0.776641,-0.615826,-0.773729,-0.148664,-0.6718,0.417081,0.612149,-0.00263,-0.011416,-0.000307,4.712285,-0.1333,-2.652003,-0.895668
92,0.079159,0.002034,0.367754,-0.514573,0.33986,-0.787246,-0.400312,-0.907094,-0.130008,-0.757656,0.247817,0.603797,-0.017456,-0.016552,0.003855,1.183771,-0.295694,-0.684906,-1.917363,-0.077065,0.028841,0.327359,-0.035171,0.346434,0.93741,-0.063587,0.935328,-0.347927,-0.997242,-0.072297,-0.012048,-0.005442,0.021152,0.001003,-0.513751,-1.197445,2.321649,-1.400692,0.05459,0.034631,-0.016942,0.244846,-0.404982,0.880931,0.103678,-0.89244,-0.43909,0.964002,0.198843,-0.176523,-0.002771,0.010705,0.000609,-0.52322,-1.216022,2.282799,-0.8832,0.076275,0.023052,-0.055718,-0.406573,0.4595,-0.789656,-0.588693,-0.792728,-0.158185,-0.698669,0.400551,0.592807,-0.002541,-0.014849,0.005583,4.162467,0.225732,-3.222247,-0.894851
93,0.07899,0.001681,0.367875,-0.512118,0.334617,-0.791083,-0.394067,-0.909852,-0.129817,-0.762576,0.244836,0.598799,-0.016471,-0.013603,0.006152,-0.09133,-0.350595,0.163915,-1.917855,-0.077233,0.029403,0.327265,-0.035111,0.336754,0.940933,-0.065467,0.938728,-0.338286,-0.997122,-0.073918,-0.012099,-0.005543,0.021488,0.001287,0.014167,0.174225,-0.038047,-1.400546,0.054507,0.034906,-0.016989,0.243945,-0.394852,0.885766,0.108163,-0.896583,-0.429463,0.963737,0.200573,-0.176009,-0.004021,0.016567,-0.003044,0.017908,0.100246,0.00889,-0.880587,0.076189,0.022873,-0.05566,-0.405897,0.453094,-0.793695,-0.581907,-0.79779,-0.157843,-0.70472,0.397789,0.587479,-0.001907,-0.013044,0.007003,-0.114483,-0.395519,0.167727,-0.892892
94,0.078685,0.001108,0.368285,-0.510149,0.325451,-0.796162,-0.374117,-0.917433,-0.135371,-0.773853,0.228388,0.590777,-0.002266,-0.021508,0.017582,-0.064332,-0.172198,0.305987,-1.917146,-0.077594,0.030369,0.327103,-0.023892,0.317683,0.947891,-0.070099,0.945305,-0.318462,-0.997153,-0.074472,-0.001511,-0.020327,0.027344,-0.009091,-0.448625,-1.40117,2.145432,-1.40024,0.05433,0.035392,-0.017061,0.233514,-0.380173,0.894951,0.116195,-0.902892,-0.413864,0.965385,0.200632,-0.166663,-0.002432,0.009666,-0.000309,0.02186,0.079662,-0.126054,-0.881894,0.076031,0.022588,-0.05546,-0.405708,0.443621,-0.799124,-0.564027,-0.809501,-0.163031,-0.719217,0.384585,0.578636,-0.00725,-0.003858,0.005385,-0.02168,-0.043976,0.135087,-0.891259
95,0.07858,0.000601,0.368725,-0.506711,0.310607,-0.804246,-0.351134,-0.926295,-0.136579,-0.786767,0.2128,0.579431,-0.001,-0.010365,0.009101,-0.15433,-0.633743,-0.05137,-1.915736,-0.078044,0.031203,0.327079,-0.010053,0.300185,0.953824,-0.073978,0.951042,-0.299969,-0.997126,-0.073972,0.011444,-0.02102,0.029747,-0.007012,0.058813,-0.049285,0.098969,-1.400333,0.054099,0.035816,-0.017079,0.21722,-0.363358,0.905972,0.124826,-0.910172,-0.394972,0.968108,0.198885,-0.152351,-0.010537,0.01497,-0.003415,0.064989,-0.041644,0.084845,-0.883853,0.07598,0.022336,-0.055233,-0.406345,0.430283,-0.806064,-0.54351,-0.822962,-0.165315,-0.734493,0.370928,0.56827,-0.000465,-0.005064,0.004646,-0.074417,-0.696154,-0.123902,-0.892075
96,0.078602,0.000381,0.368916,-0.503742,0.303159,-0.808939,-0.335664,-0.931485,-0.140126,-0.795375,0.200561,0.571996,0.013433,-0.002854,-0.001821,0.39452,-0.75956,0.634381,-1.913647,-0.078282,0.031605,0.327095,-0.003637,0.292088,0.95638,-0.07557,0.953577,-0.291399,-0.997059,-0.073719,0.017399,-0.005614,0.021815,0.001505,0.03691,-0.047809,0.087832,-1.399642,0.053982,0.036009,-0.017071,0.210519,-0.356416,0.910301,0.128162,-0.913069,-0.387139,0.969152,0.198167,-0.14654,-0.009125,0.008659,-0.000166,0.028154,-0.038182,0.064994,-0.885813,0.075986,0.022228,-0.055135,-0.406444,0.419907,-0.811468,-0.529859,-0.831865,-0.165069,-0.744346,0.362873,0.560599,-0.00044,-0.004991,0.004704,-0.114863,-0.325347,-0.22346,-0.88734
97,0.078715,7e-05,0.369141,-0.499052,0.281031,-0.819765,-0.305175,-0.942327,-0.13733,-0.810465,0.181281,0.557055,-0.001568,-0.012047,0.007791,-0.149442,-0.448521,-0.058739,-1.876732,-0.078807,0.032334,0.327215,0.018082,0.272441,0.961998,-0.085975,0.959019,-0.269862,-0.996085,-0.078188,0.03955,-0.0042,0.013794,0.011973,-1.602846,0.30452,-0.002513,-1.358156,0.05372,0.036372,-0.017019,0.187424,-0.3403,0.921448,0.14124,-0.918987,-0.368119,0.972071,0.19914,-0.124177,-0.009635,0.010611,0.001319,-5.326046,1.389866,-0.193133,-0.878138,0.07605,0.022078,-0.055019,-0.404338,0.398753,-0.823107,-0.502191,-0.84895,-0.16458,-0.764404,0.346812,0.543513,0.006612,-0.001735,-0.001155,-0.147914,-0.616304,-0.054345,-0.878849
98,0.078921,-5e-05,0.368964,-0.494309,0.255792,-0.830827,-0.263331,-0.95486,-0.137371,-0.827852,0.150554,0.540389,0.012843,0.002813,-0.01461,0.377763,-0.310351,-0.173523,-1.809201,-0.079346,0.032806,0.32763,0.047314,0.25532,0.965694,-0.12805,0.960351,-0.247514,-0.990626,-0.112283,0.076911,-0.016805,0.009422,0.010159,-1.702627,-0.39098,-0.574497,-1.226714,0.053454,0.036617,-0.016805,0.159771,-0.32517,0.93206,0.187061,-0.917109,-0.35202,0.969268,0.230595,-0.085701,-0.007012,-0.001403,0.008335,-5.705195,0.705961,-0.087622,-0.837479,0.076148,0.022014,-0.055097,-0.404466,0.372823,-0.83511,-0.464644,-0.870275,-0.163482,-0.787726,0.321906,0.525226,-0.000959,-0.002832,-0.00222,1.309753,-0.107883,-0.880292,-0.860724
99,0.078992,-7.7e-05,0.368752,-0.490697,0.245579,-0.836034,-0.247784,-0.959154,-0.136375,-0.834771,0.139926,0.532546,-0.002179,-0.00643,-0.005042,-0.053862,-0.397029,-0.034823,-1.765258,-0.079511,0.032919,0.327837,0.067018,0.248796,0.96623,-0.162448,0.958206,-0.235343,-0.98445,-0.141518,0.103411,-0.015897,0.006466,0.007587,-1.116498,-2.211009,1.497644,-1.091314,0.053371,0.036675,-0.016701,0.141877,-0.322562,0.935854,0.221976,-0.910974,-0.347638,0.964674,0.25706,-0.057645,-0.001429,0.004904,0.004088,-5.561225,0.283973,-0.308349,-0.783103,0.076189,0.022005,-0.055206,-0.403532,0.362451,-0.840112,-0.450056,-0.878062,-0.162649,-0.796624,0.312463,0.51745,-0.000585,0.001971,-0.007073,0.044136,-0.498932,-0.093236,-0.848803
100,0.078852,-3.5e-05,0.368098,-0.488703,0.23214,-0.841027,-0.226583,-0.964624,-0.134655,-0.841931,0.124461,0.525061,-0.015726,0.011037,-0.026254,0.068037,-0.102606,0.118717,-1.714924,-0.079707,0.032922,0.32814,0.113853,0.243081,0.963296,-0.222886,0.951132,-0.213549,-0.968242,-0.190711,0.161248,-0.011551,-0.011301,0.009674,-0.835851,-2.159395,1.131669,-0.943562,0.053268,0.036695,-0.016546,0.094769,-0.322543,0.941798,0.285656,-0.89746,-0.336103,0.953634,0.300883,0.007085,-0.006781,-0.000646,0.000467,-0.438379,-0.831142,-0.23592,-0.705376,0.076126,0.022024,-0.055522,-0.404094,0.348658,-0.845662,-0.43082,-0.888088,-0.160286,-0.806908,0.299558,0.50908,-0.001598,-0.00102,-0.009427,0.040021,0.031182,0.012558,-0.827739
101,0.078403,-1.8e-05,0.367208,-0.490418,0.217061,-0.84405,-0.203193,-0.970251,-0.131517,-0.846882,0.10673,0.520986,-0.00333,0.005111,-0.030556,0.012772,-0.20543,-0.118609,-1.713591,-0.079833,0.032434,0.328303,0.154572,0.241337,0.958048,-0.268207,0.943531,-0.194288,-0.950997,-0.227239,0.209356,-0.009805,-0.017142,0.004657,-1.933696,-0.310847,-0.252956,-0.863626,0.053205,0.036448,-0.01646,0.049676,-0.327101,0.943682,0.331359,-0.885935,-0.324528,0.942195,0.328819,0.064378,0.00181,-0.007603,0.002011,-6.207368,-0.656392,0.665783,-0.705703,0.075895,0.022031,-0.055968,-0.409442,0.335077,-0.848575,-0.409339,-0.898708,-0.157366,-0.815352,0.282922,0.505129,-0.008841,-0.001078,-0.009715,-0.040822,-0.256034,-0.210085,-0.840802
102,0.077804,9.7e-05,0.366324,-0.492786,0.205244,-0.845625,-0.183541,-0.974416,-0.129608,-0.849984,0.091075,0.518903,-0.016984,0.000105,-0.017718,0.003773,-0.091232,-0.090375,-1.705787,-0.07952,0.032066,0.328436,0.194293,0.228073,0.954057,-0.329704,0.931181,-0.15534,-0.924039,-0.284671,0.254906,0.013492,0.001535,-0.000695,-0.033146,-0.347868,0.356867,-0.783425,0.053349,0.036253,-0.016401,0.009227,-0.319217,0.947636,0.398571,-0.867968,-0.296261,0.91709,0.380434,0.119222,0.006828,0.000464,-0.000602,-0.698531,-0.621825,0.920754,-0.708805,0.075604,0.022079,-0.056411,-0.414102,0.323926,-0.850641,-0.391211,-0.907153,-0.155,-0.821871,0.268595,0.502378,-0.00851,-5e-05,-0.008931,-0.011008,-0.140061,-0.114592,-0.853539
103,0.077472,0.000233,0.365915,-0.494567,0.201028,-0.845598,-0.176285,-0.975842,-0.12895,-0.850482,0.085035,0.519111,-0.016396,0.001861,-0.016341,0.032229,0.007827,-0.04032,-1.701158,-0.079215,0.032032,0.328505,0.213982,0.220516,0.951618,-0.35825,0.924004,-0.133439,-0.90896,-0.31265,0.275509,0.013049,0.003011,0.000573,-5.463351,-0.123328,-0.390484,-0.779458,0.053514,0.03623,-0.016366,-0.011889,-0.313183,0.949618,0.428111,-0.859835,-0.278213,0.903647,0.403234,0.1443,0.006569,0.001481,0.00018,-5.462354,-0.077047,-0.29553,-0.725461,0.075431,0.022147,-0.056629,-0.416685,0.320107,-0.850825,-0.384481,-0.910172,-0.154139,-0.823739,0.262899,0.50233,-0.014446,0.007466,-0.011858,0.067061,0.018704,-0.044729,-0.857948
104,0.076746,0.000536,0.36521,-0.495824,0.191527,-0.847066,-0.162099,-0.978624,-0.126452,-0.852566,0.074366,0.517327,-0.015478,0.004586,-0.014194,-0.050225,-0.165617,-0.351691,-1.688999,-0.078544,0.032005,0.328682,0.244388,0.20753,0.947205,-0.38375,0.917756,-0.101945,-0.890734,-0.338844,0.302722,0.01297,0.003285,0.000803,0.088841,-0.746746,0.734074,-0.782141,0.053844,0.036217,-0.016276,-0.042182,-0.303718,0.951827,0.459594,-0.851795,-0.251432,0.887126,0.426848,0.175517,0.012958,0.003312,0.00082,0.087692,-0.833509,0.712382,-0.775755,0.075078,0.022294,-0.056978,-0.420746,0.312304,-0.851726,-0.371374,-0.915894,-0.152377,-0.827679,0.252197,0.50134,-0.007678,0.002424,-0.00698,-0.106536,-0.523928,-0.32293,-0.861703
105,0.076145,0.00072,0.364739,-0.499856,0.180992,-0.847013,-0.142857,-0.981735,-0.125537,-0.853646,0.05802,0.517638,-0.016154,-0.004714,-0.004288,-0.001638,0.027937,-0.055213,-1.663445,-0.07782,0.032209,0.328744,0.279967,0.196928,0.93959,-0.425359,0.902837,-0.062359,-0.860896,-0.382458,0.33533,0.023305,0.018599,-0.005457,-0.324128,-0.709966,0.869913,-0.779192,0.054202,0.036313,-0.016244,-0.079924,-0.297879,0.951251,0.505446,-0.834631,-0.218892,0.859148,0.463312,0.217269,0.012799,0.003834,0.001258,-1.467645,-0.607207,0.457544,-0.816577,0.074768,0.022395,-0.05722,-0.426289,0.301845,-0.85274,-0.353276,-0.923375,-0.150244,-0.83275,0.237205,0.50026,-0.007477,0.003042,-0.006494,0.032544,0.013313,-0.0367,-0.86203
106,0.07584,0.000705,0.3646,-0.503366,0.178586,-0.845444,-0.136434,-0.982541,-0.126377,-0.85263,0.051504,0.519996,-0.016094,-0.004504,-0.004131,0.033207,0.146093,0.005197,-1.649963,-0.077409,0.03239,0.32874,0.306339,0.19814,0.931068,-0.445877,0.894003,-0.043427,-0.841336,-0.402093,0.361025,0.010345,0.015252,-0.006307,-0.290939,-1.064791,0.615209,-0.771012,0.054403,0.036402,-0.016245,-0.106033,-0.300543,0.947855,0.527156,-0.825239,-0.202693,0.843126,0.478176,0.245936,0.01284,0.003817,0.001221,-5.074226,-1.23859,-1.182665,-0.83062,0.074622,0.02239,-0.057287,-0.43016,0.300242,-0.851361,-0.347263,-0.925539,-0.150943,-0.833288,0.230717,0.502393,-0.007927,-0.001934,-0.001798,0.051304,0.21931,0.045117,-0.862356
107,0.075301,0.000573,0.364464,-0.508319,0.172493,-0.843743,-0.124032,-0.984162,-0.126539,-0.851579,0.040108,0.522715,-0.015398,-0.002456,-0.002497,0.004183,0.04778,-0.045016,-1.586874,-0.076696,0.032806,0.328768,0.355602,0.211692,0.910343,-0.48115,0.876459,-0.015737,-0.801626,-0.432686,0.412361,0.011846,0.006863,0.003869,0.168922,-1.148973,0.468392,-0.768738,0.054769,0.036613,-0.016238,-0.157212,-0.319453,0.93447,0.56607,-0.804511,-0.179792,0.809227,0.50071,0.307311,0.01106,0.011129,-0.001173,0.222032,-1.343997,0.436318,-0.852338,0.074346,0.022319,-0.057359,-0.436724,0.295634,-0.84963,-0.335471,-0.929851,-0.15111,-0.834704,0.219033,0.505265,-0.007566,-0.000865,-0.000946,-0.000709,0.006536,-0.03569,-0.853049
108,0.075039,0.000611,0.364394,-0.517694,0.164573,-0.839616,-0.112392,-0.985882,-0.124007,-0.84753,0.029957,0.529928,0.000182,0.000516,0.000417,0.002757,0.009237,0.004718,-1.56615,-0.075965,0.033347,0.328946,0.393709,0.237361,0.888056,-0.522124,0.852822,0.003663,-0.75695,-0.465419,0.458557,0.010862,0.009922,0.006488,-4.708186,-1.203455,-1.831183,-0.760568,0.055136,0.036882,-0.01615,-0.197043,-0.346107,0.917269,0.602342,-0.780939,-0.165275,0.773535,0.519945,0.362354,0.011922,0.006551,0.003574,0.200484,-1.32442,0.631131,-0.865075,0.074206,0.022328,-0.057396,-0.44783,0.289856,-0.845831,-0.324559,-0.934169,-0.148289,-0.833132,0.208114,0.512425,0.000232,0.000647,0.00053,-0.001008,-0.026299,-0.009803,-0.853376
109,0.075163,0.000986,0.364423,-0.529528,0.151455,-0.834689,-0.096084,-0.988288,-0.118434,-0.842196,0.01729,0.538919,0.017378,0.015501,-0.004416,-0.385186,0.386173,-0.496787,-1.56496,-0.075284,0.033533,0.329229,0.423057,0.262203,0.867331,-0.555623,0.831156,0.019881,-0.716178,-0.490652,0.496198,0.011893,0.006608,0.003629,-1.214088,-1.163992,-0.082676,-0.748658,0.055474,0.036983,-0.016001,-0.225514,-0.374092,0.899554,0.638821,-0.753911,-0.153375,0.735561,0.540066,0.408996,0.007367,-0.002899,0.005163,-4.603058,-1.242398,-2.306718,-0.869647,0.074268,0.022516,-0.057387,-0.462226,0.279673,-0.841504,-0.309261,-0.940223,-0.142609,-0.831085,0.194327,0.521087,0.008818,0.008109,-0.001918,-0.43586,0.397343,-0.572595,-0.859907
110,0.075369,0.001235,0.364472,-0.53128,0.147263,-0.834327,-0.090665,-0.988983,-0.116891,-0.841692,0.013352,0.539818,0.01673,0.0063,0.005576,0.00177,-0.027863,0.055164,-1.566483,-0.075002,0.033569,0.329384,0.428657,0.27671,0.860045,-0.567541,0.823104,0.018179,-0.703386,-0.496252,0.508768,0.01413,-0.003994,0.011893,0.24314,-0.754982,0.417526,-0.748019,0.05561,0.037,-0.01593,-0.23037,-0.38968,0.891671,0.650779,-0.742951,-0.156552,0.723474,0.544216,0.42475,0.00584,0.003604,0.002054,1.211554,0.566174,-1.482868,-0.874382,0.074366,0.022642,-0.057362,-0.464877,0.27562,-0.84138,-0.304153,-0.94219,-0.140594,-0.831492,0.19055,0.521834,0.002306,0.010251,-0.000456,0.036465,-0.04071,0.044082,-0.862357
111,0.075892,0.001729,0.364672,-0.540582,0.141099,-0.829402,-0.086626,-0.98991,-0.112008,-0.836169,0.011115,0.548384,0.004646,0.013263,0.010623,0.02677,0.060164,0.095592,-1.568429,-0.074655,0.033904,0.329721,0.447631,0.308691,0.839242,-0.603108,0.797105,0.028628,-0.660662,-0.519356,0.541902,0.009801,0.013099,0.009173,-0.265402,-0.852211,0.271195,-0.742764,0.055792,0.037157,-0.015766,-0.249556,-0.422285,0.871433,0.683833,-0.714016,-0.150171,0.685633,0.558439,0.466959,0.004785,0.006894,0.004875,-1.337517,-0.951257,-0.43368,-0.88173,0.074632,0.022887,-0.057263,-0.475562,0.271772,-0.836648,-0.300639,-0.944025,-0.135765,-0.826714,0.186964,0.530647,0.008967,0.004925,0.004187,0.03134,0.048886,0.102449,-0.870684
112,0.076464,0.002053,0.364972,-0.550808,0.135898,-0.823521,-0.077559,-0.990699,-0.111675,-0.830357,0.002184,0.557251,0.016898,0.007002,0.006059,0.039091,0.10199,0.121786,-1.567291,-0.074411,0.034404,0.330152,0.465967,0.34315,0.815545,-0.638581,0.768381,0.041693,-0.612902,-0.540651,0.576117,0.009413,0.014218,0.010091,-4.283742,-1.034509,-2.943161,-0.706194,0.055909,0.037405,-0.01555,-0.269546,-0.453577,0.849477,0.714142,-0.685929,-0.139647,0.646022,0.569007,0.508808,-0.001646,0.00511,0.004349,0.324316,-1.069372,-0.000722,-0.870626,0.074917,0.023061,-0.057103,-0.486871,0.268968,-0.83103,-0.291993,-0.946792,-0.135366,-0.823222,0.176749,0.539503,0.001783,0.005127,0.004083,0.044997,0.01716,0.267004,-0.874603
113,0.076748,0.00212,0.36511,-0.557344,0.139633,-0.818483,-0.079215,-0.990182,-0.115049,-0.825823,0.000533,0.563953,0.015173,-0.005324,0.013549,0.080458,0.38742,0.242986,-1.566833,-0.074297,0.03458,0.330393,0.473154,0.35915,0.804442,-0.65155,0.757208,0.045308,-0.593426,-0.546023,0.591242,0.011898,0.002861,0.017695,-4.165152,-1.33177,-3.002971,-0.704858,0.055969,0.0375,-0.015431,-0.27665,-0.468402,0.839085,0.726333,-0.673637,-0.136569,0.629208,0.571674,0.526578,0.004598,0.007408,0.005287,0.170591,-0.639389,0.386184,-0.866218,0.07506,0.023101,-0.057035,-0.49183,0.273328,-0.826676,-0.293409,-0.945944,-0.138199,-0.819764,0.174584,0.545441,0.001351,0.003894,0.003091,0.158191,0.5574,0.327036,-0.87493
114,0.077073,0.002196,0.365296,-0.566987,0.139018,-0.811939,-0.070008,-0.990201,-0.120717,-0.820063,-0.011783,0.572176,0.001574,0.004545,0.00361,0.030424,0.092028,0.079473,-1.567655,-0.074046,0.034971,0.330978,0.483582,0.39435,0.781427,-0.683518,0.727746,0.05588,-0.547227,-0.561636,0.62046,0.008581,0.016673,0.012108,-4.09674,-1.121602,-2.95746,-0.703854,0.056095,0.037693,-0.015134,-0.287967,-0.504768,0.813808,0.756159,-0.641302,-0.130203,0.58762,0.577875,0.566359,0.005341,0.003254,0.010367,0.215435,-0.885869,0.420215,-0.872096,0.075228,0.023136,-0.056938,-0.502444,0.27562,-0.819501,-0.284316,-0.947785,-0.144449,-0.816525,0.16042,0.554572,0.007288,0.000208,0.000391,0.022949,0.04129,0.057753,-0.871991
115,0.077078,0.00222,0.365587,-0.576369,0.138089,-0.805466,-0.059832,-0.990083,-0.126992,-0.814301,-0.025181,0.57992,0.001962,0.005667,0.004494,0.023528,0.068134,0.067239,-1.568282,-0.073731,0.035308,0.331725,0.491008,0.440268,0.751709,-0.717115,0.694142,0.062012,-0.495084,-0.570062,0.655579,0.010536,0.006933,0.021039,-0.825518,-1.376347,-0.928384,-0.676407,0.056252,0.037866,-0.014763,-0.29371,-0.548894,0.782591,0.789131,-0.601256,-0.125544,0.539449,0.580694,0.609745,0.005312,0.003332,0.010386,-3.950661,-1.178342,-3.182075,-0.87177,0.075229,0.023142,-0.056798,-0.511882,0.276601,-0.813306,-0.274178,-0.949833,-0.15047,-0.814126,0.145968,0.562041,-0.006314,-0.00109,0.007551,-0.021754,0.071308,-0.028205,-0.874277
116,0.076847,0.002269,0.366134,-0.584508,0.134294,-0.800226,-0.049156,-0.990235,-0.130343,-0.809192,-0.037025,0.586399,0.001835,-0.002114,0.015596,-0.008081,0.096423,0.056476,-1.567564,-0.073401,0.035471,0.332611,0.496351,0.48387,0.720761,-0.741679,0.667776,0.062615,-0.45161,-0.566259,0.689392,-0.000203,-0.006544,0.028822,0.342618,-1.313174,-0.029578,-0.655296,0.056421,0.037952,-0.014324,-0.299042,-0.591279,0.748973,0.811235,-0.570819,-0.126733,0.502463,0.569695,0.650366,0.005104,0.003891,0.010841,-0.07918,-0.953081,0.059245,-0.84303,0.075112,0.023167,-0.05653,-0.52065,0.274488,-0.808442,-0.26369,-0.952313,-0.153516,-0.812028,0.13325,0.568202,-0.005756,0.00052,0.008822,-0.013293,0.090469,0.015076,-0.875256
117,0.076679,0.002282,0.366435,-0.588847,0.129721,-0.797795,-0.043994,-0.990696,-0.128682,-0.806336,-0.040844,0.590069,-0.011893,-0.000111,0.01672,-0.059819,0.133586,-0.061976,-1.569347,-0.073283,0.035553,0.333129,0.494614,0.508877,0.704552,-0.758832,0.647999,0.064853,-0.424146,-0.567351,0.705745,0.009598,0.009707,0.023256,-0.027946,-1.137945,-0.001027,-0.645926,0.056477,0.037987,-0.014075,-0.297577,-0.614687,0.730484,0.825395,-0.550153,-0.126702,0.47976,0.565235,0.671073,0.004731,0.005029,0.011717,-3.942689,-2.168741,-3.209877,-0.835846,0.07503,0.023176,-0.056371,-0.525991,0.270914,-0.806187,-0.258817,-0.953939,-0.151702,-0.810152,0.128861,0.571881,-0.005928,2.2e-05,0.008429,-0.069614,0.093164,-0.083896,-0.874767
118,0.076169,0.002342,0.367046,-0.598338,0.129897,-0.790673,-0.039267,-0.990318,-0.133048,-0.799559,-0.048729,0.598631,-0.01105,0.009673,0.007167,0.151751,0.420114,0.17891,-1.56995,-0.073028,0.035796,0.33416,0.490281,0.551823,0.674617,-0.78744,0.61215,0.07172,-0.373985,-0.567075,0.733774,0.011386,0.000526,0.032621,0.18196,-0.940847,0.264636,-0.558645,0.056608,0.038112,-0.013539,-0.294329,-0.655907,0.695093,0.851157,-0.510664,-0.121463,0.434628,0.555884,0.708583,0.005639,0.000374,0.016403,0.213524,-0.977886,0.231048,-0.779347,0.07478,0.023204,-0.056067,-0.53428,0.272202,-0.80028,-0.25402,-0.954676,-0.155129,-0.806236,0.120405,0.57921,-0.012838,0.000877,0.008869,0.255074,0.698383,0.196555,-0.875256
119,0.075534,0.002482,0.367624,-0.610521,0.12735,-0.781723,-0.028733,-0.989877,-0.138887,-0.790741,-0.062498,0.608974,-0.011452,0.001087,0.017627,0.122737,0.574222,0.261238,-1.575127,-0.072829,0.036048,0.335214,0.473207,0.591313,0.653005,-0.81839,0.56933,0.077688,-0.326412,-0.571916,0.752483,0.00921,0.010712,0.023894,-3.48648,-0.995043,-3.776891,-0.478764,0.056703,0.038238,-0.013017,-0.280322,-0.689293,0.668052,0.874992,-0.469673,-0.117451,0.394725,0.551617,0.734785,-0.000583,-0.001861,0.015483,0.034056,-0.572596,0.237548,-0.699988,0.074461,0.023273,-0.055786,-0.546669,0.272026,-0.79193,-0.243427,-0.956541,-0.160532,-0.801183,0.105019,0.58913,-0.012391,0.00213,0.009844,0.135702,0.627911,0.249072,-0.874277
120,0.075165,0.002573,0.367967,-0.61634,0.121727,-0.778044,-0.01757,-0.989837,-0.141012,-0.786538,-0.0734,0.613185,-0.024881,0.003894,0.019367,4.332033,1.052126,-3.317471,-1.58305,-0.072778,0.036147,0.335726,0.464724,0.60751,0.644169,-0.830737,0.550822,0.080024,-0.306771,-0.573085,0.759821,0.009186,0.010747,0.023874,-0.97766,-0.598511,-0.776967,-0.421303,0.056728,0.038287,-0.012762,-0.26914,-0.705521,0.655593,0.887363,-0.446253,-0.115949,0.374365,0.550543,0.746158,-0.0018,0.003745,0.011524,-3.493949,-0.850202,-3.717252,-0.656226,0.074282,0.023319,-0.055614,-0.553346,0.272234,-0.787207,-0.238279,-0.957322,-0.163573,-0.798142,0.097062,0.594598,-0.005809,0.00032,0.008645,0.043384,0.294945,0.119686,-0.875093
121,0.074502,0.002696,0.368594,-0.626121,0.118276,-0.770732,-0.007423,-0.989264,-0.14585,-0.778932,-0.085753,0.621239,-0.011813,8e-06,0.01675,0.029146,0.243691,0.093241,-1.598689,-0.072619,0.036348,0.33664,0.443405,0.639522,0.628009,-0.853812,0.51447,0.079115,-0.273034,-0.572082,0.773329,0.010135,0.007767,0.021359,-0.138557,-0.538041,-0.167769,-0.290337,0.05681,0.038395,-0.012293,-0.247262,-0.733408,0.633224,0.906292,-0.406241,-0.116625,0.342776,0.54505,0.76513,0.005101,0.003728,0.010553,-0.124464,-0.561185,-0.184601,-0.535064,0.073946,0.023384,-0.055298,-0.56528,0.267383,-0.780361,-0.222393,-0.960379,-0.167967,-0.794354,0.078598,0.602347,-0.005986,-0.0002,0.008227,0.041454,0.29124,0.118506,-0.872154
122,0.073931,0.002725,0.36919,-0.63509,0.106236,-0.765127,0.014445,-0.988667,-0.149334,-0.771533,-0.106033,0.627312,-0.01209,-0.000795,0.016109,0.08518,0.405829,0.164992,-1.634465,-0.072525,0.036419,0.337511,0.41473,0.671773,0.613768,-0.878021,0.472412,0.076417,-0.239118,-0.571434,0.784951,-6.1e-05,-0.006994,0.028116,-3.252164,-0.747013,-4.540382,-0.167803,0.056858,0.03843,-0.011871,-0.222408,-0.758569,0.61246,0.922625,-0.366795,-0.119258,0.315113,0.538548,0.781453,-0.001167,0.001718,0.009842,0.267475,-0.5447,-0.084492,-0.417658,0.073661,0.023398,-0.055,-0.575881,0.256733,-0.776174,-0.200706,-0.964753,-0.170195,-0.792513,0.05777,0.607111,-0.006156,-0.000693,0.007837,0.166304,0.649946,0.276128,-0.872644
123,0.0735,0.002639,0.369752,-0.640848,0.099937,-0.761164,0.025054,-0.988215,-0.150911,-0.766481,-0.115913,0.631741,-0.012028,0.006725,0.004789,0.014487,0.068748,-0.002474,-1.680492,-0.072517,0.036294,0.338316,0.389606,0.700568,0.597832,-0.896418,0.437248,0.071998,-0.211431,-0.564836,0.797572,0.001777,-0.012611,0.023549,-0.733429,-0.663849,-1.477698,-0.07544,0.056859,0.038377,-0.011461,-0.194747,-0.783775,0.589719,0.937467,-0.32557,-0.123117,0.288491,0.528866,0.798168,-0.000271,-0.000889,0.007628,-2.879242,-1.034426,-4.843096,-0.306294,0.073447,0.023357,-0.054711,-0.584162,0.252723,-0.771287,-0.190368,-0.96644,-0.172487,-0.788995,0.046068,0.612668,0.000154,-0.003231,0.006077,-0.020491,-0.061751,0.19754,-0.870848
124,0.07338,0.002506,0.369954,-0.645687,0.097705,-0.757355,0.030103,-0.987728,-0.153159,-0.762225,-0.121821,0.635767,-0.014169,-0.006613,0.011572,0.093371,0.482285,0.179475,-1.69784,-0.072506,0.036137,0.338608,0.379069,0.711599,0.591545,-0.903711,0.422033,0.07162,-0.199144,-0.562625,0.802283,0.000565,-0.005314,0.012573,-3.189238,-0.564039,-4.541518,-0.057788,0.056865,0.038295,-0.011304,-0.184014,-0.793937,0.579485,0.942726,-0.309429,-0.12458,0.278218,0.523371,0.805404,0.000419,-0.002988,0.005973,-3.22243,-0.508609,-4.504169,-0.270044,0.073384,0.023295,-0.054606,-0.588269,0.250612,-0.76885,-0.18515,-0.967251,-0.173619,-0.787183,0.040218,0.615405,-0.007168,-0.003523,0.005624,0.132754,0.658715,0.278984,-0.868888
125,0.073336,0.002179,0.370175,-0.650063,0.0937,-0.754111,0.040842,-0.986602,-0.157864,-0.757993,-0.133546,0.638467,0.011568,-0.015391,0.005636,0.022594,0.213937,0.086323,-1.737404,-0.072576,0.0357,0.339099,0.363289,0.731563,0.576913,-0.913147,0.402326,0.065043,-0.184961,-0.551352,0.813427,-0.011242,-0.011501,0.009464,0.106788,-0.299088,-0.066788,-0.045106,0.056834,0.038084,-0.011073,-0.167824,-0.810729,0.560849,0.94908,-0.286736,-0.130494,0.266611,0.510391,0.817568,-0.005765,-0.005347,0.005057,-0.087625,-0.438809,-0.476236,-0.240651,0.073356,0.023136,-0.054499,-0.594217,0.248229,-0.765041,-0.174391,-0.968318,-0.178733,-0.78517,0.02721,0.61868,-0.000684,-0.005579,0.004245,0.039703,0.296177,0.122285,-0.867909
126,0.073511,0.001792,0.370371,-0.652594,0.096357,-0.751586,0.045374,-0.985107,-0.165763,-0.755556,-0.142406,0.63944,-0.001452,-0.01143,0.008275,-0.015754,0.082131,0.016539,-1.769015,-0.072686,0.03524,0.339503,0.344334,0.75185,0.562269,-0.92248,0.382142,0.054142,-0.174574,-0.538267,0.824412,-0.008069,-0.024852,0.01559,0.307582,-0.57283,-0.248226,-0.014632,0.056778,0.037856,-0.01087,-0.150223,-0.826328,0.542784,0.954117,-0.265011,-0.139386,0.259022,0.49694,0.828224,0.001109,-0.005228,0.004229,0.064724,-0.128539,-0.115522,-0.215505,0.073447,0.022936,-0.054406,-0.596583,0.251692,-0.762061,-0.169509,-0.967645,-0.186891,-0.784445,0.01768,0.619945,0.005872,-0.007455,0.003003,-0.018823,-0.045081,0.20532,-0.870684
127,0.073693,0.001587,0.370398,-0.654025,0.096084,-0.750376,0.050437,-0.98413,-0.170047,-0.753996,-0.149189,0.639734,-0.000783,-0.002197,-0.001712,0.438502,0.313392,-0.204351,-1.773413,-0.072709,0.035025,0.339631,0.334882,0.760834,0.555856,-0.926886,0.371978,0.049471,-0.169529,-0.532736,0.829045,0.002536,-0.011373,0.007713,-0.787435,-0.388468,-1.371779,-0.00651,0.056765,0.037734,-0.010798,-0.140902,-0.834938,0.531999,0.956081,-0.254255,-0.145816,0.25701,0.488089,0.834094,0.001309,-0.005824,0.003744,-0.85261,-0.352493,-1.342015,-0.202441,0.073538,0.022831,-0.054387,-0.597288,0.251553,-0.761556,-0.164708,-0.967772,-0.19049,-0.784932,0.011656,0.619471,0.005622,-0.008152,0.002448,1.31767,0.54774,-0.707714,-0.871338
128,0.074181,0.001138,0.370337,-0.653227,0.100881,-0.750441,0.055158,-0.982086,-0.180104,-0.754357,-0.159175,0.636896,0.011638,-0.007934,-0.005747,0.174729,-0.059113,0.185892,-1.81824,-0.072811,0.034585,0.339849,0.322734,0.777614,0.539583,-0.931495,0.361895,0.035817,-0.167808,-0.515153,0.840429,0.002475,-0.011198,0.007861,0.148738,-0.239819,-0.191995,-0.002509,0.056715,0.03751,-0.010692,-0.12974,-0.848903,0.512377,0.957097,-0.242245,-0.159002,0.259098,0.469766,0.843912,0.001236,-0.005613,0.003924,0.105104,-0.180705,-0.152143,-0.190031,0.073778,0.022611,-0.054415,-0.596268,0.255989,-0.760876,-0.158991,-0.966678,-0.200634,-0.786883,0.001341,0.617099,0.00591,-0.003718,-0.002688,0.594076,-0.404352,0.610671,-0.884074
129,0.074531,0.000756,0.370246,-0.656308,0.10498,-0.747185,0.065731,-0.978526,-0.19529,-0.750827,-0.177422,0.636245,-0.001356,-0.003837,-0.002999,0.109988,0.389728,0.193912,-1.869054,-0.072979,0.034002,0.340231,0.295605,0.800753,0.520964,-0.942121,0.334542,0.020586,-0.158153,-0.497901,0.852611,0.002259,-0.010549,0.008392,0.366991,-0.635099,-0.263527,0.017041,0.05663,0.037221,-0.010505,-0.104582,-0.866078,0.488846,0.961822,-0.213079,-0.171739,0.252902,0.452223,0.855298,-0.005269,-0.006924,0.003803,0.31951,-0.632782,-0.393769,-0.177948,0.073956,0.022413,-0.054466,-0.597492,0.260248,-0.758467,-0.147397,-0.965396,-0.215135,-0.788211,-0.016746,0.615177,-0.00069,-0.001956,-0.001533,0.126744,0.518531,0.258771,-0.890769
541,0.089871,0.050176,0.384207,-0.605336,0.53473,-0.589642,-0.663458,-0.748191,0.002514,-0.439074,0.392054,0.808415,0.001503,0.011775,-0.008131,-0.214783,-0.473372,-0.231203,-1.907829,-0.079648,0.09224,0.362331,0.136046,0.651129,0.746669,-0.916167,0.369473,-0.155114,-0.377017,-0.663781,0.645845,0.051618,-0.039522,0.084091,0.004526,-0.644786,-0.423402,-1.403752,0.053254,0.066367,0.000493,0.075747,-0.714031,0.696003,0.90834,-0.238515,-0.343549,0.411312,0.658231,0.630517,0.024646,-0.014842,0.037815,0.654652,-0.442242,-1.102499,-0.864421,0.081625,0.047117,-0.047483,-0.456643,0.667167,-0.588527,-0.812682,-0.581975,-0.029174,-0.361972,0.464963,0.80795,0.00669,0.004836,-0.004776,0.042345,0.077281,-0.130078,-0.881462
542,0.089912,0.050296,0.384173,-0.605277,0.532066,-0.592107,-0.661929,-0.749541,0.003027,-0.441451,0.393099,0.806611,0.000969,0.003119,0.001663,-0.024098,0.059282,-0.194128,-1.908216,-0.078773,0.091538,0.363803,0.11873,0.66246,0.739622,-0.916952,0.35891,-0.174116,-0.380924,-0.65835,0.649104,0.041839,-0.045308,0.082024,0.124525,-0.562513,-0.566983,-1.403775,0.053717,0.066011,0.00126,0.092845,-0.72284,0.684749,0.90441,-0.22641,-0.361634,0.416438,0.65287,0.632723,0.019787,-0.017845,0.036718,0.615149,-0.314598,-1.021995,-0.867524,0.081645,0.047178,-0.047505,-0.457328,0.662903,-0.592798,-0.811365,-0.583913,-0.027022,-0.364056,0.468618,0.804896,0.001179,0.007254,-0.00334,0.049667,-0.003087,0.04721,-0.875583
543,0.090069,0.050541,0.38428,-0.602257,0.525808,-0.600714,-0.65954,-0.751644,0.003228,-0.449083,0.397481,0.800225,0.002492,0.008039,0.004274,-0.102501,-0.095849,-0.245716,-1.90869,-0.077442,0.089711,0.366696,0.081605,0.693423,0.715888,-0.917993,0.332005,-0.216783,-0.388075,-0.640354,0.662727,0.020521,-0.04852,0.068788,0.112622,-0.909848,-0.891197,-1.4036,0.054396,0.065084,0.002739,0.128358,-0.746889,0.652441,0.894754,-0.196516,-0.400993,0.427713,0.635246,0.643058,0.010351,-0.02468,0.034144,0.126083,-1.004746,-0.956832,-0.873403,0.081722,0.047296,-0.047454,-0.455551,0.656962,-0.600727,-0.809511,-0.58646,-0.027482,-0.370358,0.473776,0.79898,0.001248,0.004023,0.002135,-0.142432,-0.262268,-0.110925,-0.87444
544,0.090179,0.050982,0.384525,-0.600215,0.520263,-0.607547,-0.658803,-0.752268,0.006573,-0.452878,0.403548,0.795033,0.004237,0.013679,0.00724,-0.235311,-0.436315,-0.204531,-1.909379,-0.076977,0.087531,0.369217,0.034981,0.719203,0.693912,-0.915934,0.300859,-0.265485,-0.399723,-0.627187,0.668372,-0.000579,-0.052717,0.055,0.232159,-0.469468,-1.357815,-1.40291,0.054628,0.064018,0.00398,0.171906,-0.764449,0.621341,0.880674,-0.163375,-0.444659,0.441431,0.623638,0.645146,-7.1e-05,-0.027128,0.027094,0.740281,-0.307421,-1.582968,-0.875035,0.081776,0.047511,-0.047334,-0.454689,0.652289,-0.606445,-0.808995,-0.587277,-0.02512,-0.372537,0.479189,0.794728,-0.003523,0.008784,0.004796,-0.25526,-0.472187,-0.231443,-0.877869
545,0.090128,0.051637,0.384867,-0.598449,0.517184,-0.611902,-0.659295,-0.751808,0.009281,-0.454495,0.408331,0.791661,0.004822,0.015552,0.008179,-0.275776,-0.510838,-0.245116,-1.909045,-0.077248,0.085203,0.371041,0.007304,0.734417,0.678653,-0.906629,0.291211,-0.305212,-0.421764,-0.613973,0.667095,-0.01167,-0.048652,0.031054,-0.036539,-0.075661,-0.894672,-1.402414,0.054493,0.062861,0.004905,0.198013,-0.776034,0.5988,0.862789,-0.15192,-0.482197,0.465171,0.61212,0.639471,-0.009756,-0.031984,0.018784,0.007158,-0.152327,-0.90155,-0.867524,0.081751,0.047843,-0.047161,-0.453523,0.649298,-0.610514,-0.80945,-0.586748,-0.022717,-0.372968,0.483878,0.791678,-0.003205,0.009777,0.005299,-0.000321,-0.016273,0.017423,-0.878196
546,0.090115,0.052019,0.38507,-0.597914,0.517479,-0.612176,-0.659637,-0.751513,0.008922,-0.454704,0.4085,0.791454,-0.005828,0.021347,0.011502,-0.004016,-0.020548,0.016868,-1.909508,-0.077502,0.084126,0.371648,0.014908,0.737851,0.674792,-0.892438,0.314201,-0.323676,-0.450833,-0.598306,0.662301,-0.012673,-0.042613,0.020645,3.072472,0.75439,-1.194027,-1.40236,0.054368,0.062318,0.005211,0.189227,-0.779548,0.597073,0.850191,-0.174159,-0.496832,0.49129,0.601641,0.629809,-0.005036,-0.026983,0.014286,3.677653,-1.926739,2.713649,-0.863278,0.081748,0.048029,-0.047062,-0.453092,0.647611,-0.612623,-0.809612,-0.586578,-0.021296,-0.373143,0.486338,0.790087,0.002912,0.009398,0.004927,0.014597,-0.005696,0.060895,-0.880482
547,0.090144,0.052891,0.385542,-0.596327,0.514273,-0.61641,-0.660036,-0.751123,0.011782,-0.456205,0.413235,0.788125,-0.004871,0.024318,0.012958,-0.002842,-0.018448,0.01801,-1.909775,-0.078239,0.08227,0.372286,0.027012,0.731418,0.681388,-0.862252,0.361955,-0.354181,-0.505689,-0.578875,0.639567,-0.023314,-0.043562,0.007395,-0.059169,0.533383,-0.485474,-1.401464,0.054012,0.061403,0.00553,0.178342,-0.775944,0.605066,0.818354,-0.224466,-0.529066,0.546342,0.589513,0.594965,-0.01171,-0.021648,0.003767,1.129693,0.263837,0.53882,-0.857237,0.08176,0.048458,-0.04683,-0.452189,0.644211,-0.616859,-0.809966,-0.586186,-0.018431,-0.373468,0.4913,0.786857,-0.002278,0.012688,0.006757,0.0128,0.007872,0.030917,-0.883911
548,0.089972,0.05386,0.386003,-0.594993,0.512904,-0.618837,-0.660495,-0.750703,0.012764,-0.457282,0.415691,0.786207,-0.016734,0.025833,0.013976,-0.187368,-0.336698,-0.192785,-1.910578,-0.079194,0.080893,0.372135,0.03458,0.724159,0.688759,-0.830162,0.404571,-0.383519,-0.556392,-0.559426,0.614275,-0.026446,-0.028165,-0.012068,3.772349,-1.818774,2.937662,-1.401352,0.053529,0.060687,0.005462,0.176095,-0.769039,0.614466,0.788379,-0.263604,-0.555851,0.589447,0.582315,0.559876,-0.0077,-0.012745,-0.005703,-0.004725,0.13655,-0.276188,-0.856094,0.081683,0.048957,-0.046592,-0.450951,0.644104,-0.617877,-0.810441,-0.585515,-0.018877,-0.373935,0.49224,0.786047,-0.002598,0.011571,0.006126,-0.333039,-0.706197,-0.120118,-0.883421
549,0.089719,0.054332,0.386257,-0.594608,0.511019,-0.620762,-0.660416,-0.750741,0.014487,-0.457895,0.417935,0.784658,-0.017003,0.024809,0.013406,-0.138317,-0.24783,-0.144416,-1.911212,-0.079513,0.080429,0.371919,0.033746,0.721518,0.691567,-0.820235,0.415391,-0.393191,-0.570975,-0.554882,0.604944,-0.015742,-0.024625,-0.011024,-0.008624,0.183452,-0.27883,-1.401032,0.053361,0.060438,0.005346,0.173399,-0.766899,0.617897,0.776332,-0.279618,-0.564908,0.606003,0.577649,0.546883,-0.007807,-0.012493,-0.00559,-0.027332,0.147675,-0.303665,-0.854297,0.081551,0.049204,-0.046459,-0.451008,0.641334,-0.62071,-0.810385,-0.58567,-0.016304,-0.373988,0.495662,0.783869,-0.008532,0.012326,0.006667,-0.178066,-0.315392,-0.178122,-0.882441
550,0.089014,0.055179,0.386802,-0.592215,0.501234,-0.630944,-0.659358,-0.751494,0.021798,-0.462495,0.428299,0.776328,-0.017492,0.022929,0.012372,-0.276553,-0.497773,-0.280326,-1.911561,-0.080045,0.079538,0.371415,0.037534,0.715824,0.697265,-0.79021,0.448413,-0.417646,-0.611637,-0.536207,0.581588,-0.015298,-0.026294,-0.011942,3.995004,-1.966573,2.847638,-1.400363,0.053102,0.06,0.005097,0.173975,-0.761844,0.623958,0.748415,-0.309507,-0.586581,0.640004,0.569031,0.51633,-0.007603,-0.013266,-0.006023,0.601914,0.62942,-0.72001,-0.8574,0.081205,0.049619,-0.046191,-0.450489,0.632106,-0.630476,-0.809753,-0.58669,-0.009621,-0.375976,0.506197,0.776148,-0.009435,0.005863,0.01042,-0.318045,-0.476082,-0.333956,-0.880972
551,0.088508,0.055678,0.387405,-0.58489,0.490702,-0.64588,-0.659261,-0.751445,0.026021,-0.471853,0.440409,0.76382,-0.020337,0.006872,0.018316,-0.146445,-0.585993,-0.17365,-1.911458,-0.080378,0.078633,0.370889,0.042123,0.702665,0.710267,-0.758732,0.485062,-0.434712,-0.649999,-0.521473,0.552657,0.006957,-0.021305,-0.010957,0.120949,0.569357,-0.111822,-1.399486,0.05293,0.059536,0.004829,0.166456,-0.750782,0.639232,0.716361,-0.3534,-0.60161,0.677583,0.558063,0.479005,0.003511,-0.010736,-0.005515,0.11477,0.576568,-0.110876,-0.853644,0.080955,0.049881,-0.045888,-0.445434,0.620389,-0.645527,-0.809734,-0.586773,-0.005181,-0.381992,0.520397,0.763719,-0.00446,0.001999,0.008259,0.257736,-1.000513,0.203387,-0.88538
552,0.088149,0.055762,0.387725,-0.58538,0.485858,-0.64909,-0.655249,-0.754955,0.025753,-0.476799,0.439783,0.761105,-0.021307,0.00377,0.016742,-0.053087,-0.013379,-0.085113,-1.911368,-0.080385,0.078153,0.370683,0.049023,0.696109,0.716254,-0.739994,0.506994,-0.441927,-0.670794,-0.509233,0.539055,0.006695,-0.020527,-0.010603,3.885581,-1.936125,2.978251,-1.399337,0.052925,0.0593,0.004728,0.16394,-0.745566,0.645951,0.701553,-0.372223,-0.607677,0.693502,0.552793,0.462033,-0.000877,-0.017336,-0.001703,-0.086062,0.536491,0.170125,-0.849072,0.080769,0.049926,-0.045721,-0.446907,0.614333,-0.650283,-0.806511,-0.591203,-0.004244,-0.387057,0.522564,0.759679,-0.010765,0.001564,0.008219,-0.019149,0.058112,-0.055275,-0.889136
553,0.087086,0.055796,0.388318,-0.590677,0.474597,-0.652612,-0.643076,-0.765364,0.025371,-0.486716,0.434071,0.758101,-0.034376,0.001488,0.015958,0.290681,-0.060643,-0.282423,-1.91178,-0.080334,0.077296,0.370294,0.043706,0.685068,0.727161,-0.707431,0.535208,-0.461549,-0.705395,-0.495105,0.507102,0.00578,-0.017744,-0.00924,0.438327,0.453372,0.205552,-1.398074,0.052952,0.058866,0.004531,0.16605,-0.735445,0.656921,0.667169,-0.406772,-0.624036,0.726161,0.5419,0.423122,-0.00241,-0.011051,-0.005368,1.752209,0.43189,0.557194,-0.851521,0.080249,0.049941,-0.045432,-0.454291,0.605205,-0.653717,-0.797185,-0.603713,-0.00492,-0.397636,0.518898,0.756722,-0.011746,-0.001503,0.006682,1.067604,-0.080145,-1.163802,-0.885054
554,0.086091,0.055539,0.388919,-0.593272,0.464879,-0.657238,-0.632572,-0.774131,0.023366,-0.497194,0.42903,0.754161,-0.024129,-0.004957,0.012359,0.065505,-0.050521,-0.012602,-1.9118,-0.08018,0.076627,0.369959,0.046064,0.676416,0.735072,-0.678575,0.561248,-0.473783,-0.733055,-0.477829,0.483914,0.004908,-0.015065,-0.007899,0.320009,0.078707,0.164726,-1.397984,0.05303,0.05853,0.004363,0.164814,-0.726757,0.666827,0.639908,-0.435686,-0.633003,0.750567,0.531037,0.393251,0.002554,-0.007824,-0.004102,1.181891,-0.43015,0.717094,-0.851685,0.079739,0.049811,-0.045127,-0.4591,0.596247,-0.65857,-0.788566,-0.614909,-0.006997,-0.409133,0.516114,0.752485,-0.012136,-0.002675,0.006097,0.068208,-0.045213,-0.010713,-0.885381
555,0.085047,0.055134,0.389563,-0.595258,0.453283,-0.663512,-0.622003,-0.782651,0.023266,-0.508018,0.425988,0.748652,-0.024173,-0.00497,0.012366,-0.053696,-0.08789,0.077173,-1.91207,-0.079954,0.075852,0.369666,0.05751,0.669705,0.740391,-0.641353,0.593171,-0.486568,-0.765072,-0.447714,0.462687,-0.004701,-0.02268,-0.011178,0.522183,0.613854,-0.675389,-1.398185,0.053142,0.058147,0.004219,0.153723,-0.721825,0.674786,0.604791,-0.471311,-0.641944,0.781406,0.506786,0.364102,-0.002308,-0.011461,-0.005655,0.561546,0.598985,-0.773092,-0.851358,0.079224,0.049605,-0.044812,-0.463551,0.585215,-0.665314,-0.780061,-0.625664,-0.006839,-0.420266,0.515816,0.746531,-0.018456,-0.006405,0.011479,-0.075979,-0.030998,0.041703,-0.886197
556,0.084487,0.054995,0.389903,-0.596761,0.445827,-0.667203,-0.614194,-0.788826,0.022173,-0.515685,0.422465,0.745399,-0.023875,-0.004011,0.012854,3.559906,-0.347667,-4.114608,-1.912973,-0.079792,0.075396,0.369486,0.068552,0.665446,0.743286,-0.621511,0.611329,-0.489832,-0.7804,-0.429221,0.454543,0.007146,-0.021902,-0.011617,1.197557,-0.582852,0.561567,-1.398047,0.053219,0.057929,0.004134,0.144117,-0.719207,0.679684,0.587631,-0.490437,-0.643553,0.79619,0.492151,0.351948,0.003446,-0.010548,-0.005633,4.073944,-2.626877,2.47047,-0.852501,0.078943,0.049534,-0.044643,-0.463184,0.581744,-0.668605,-0.777538,-0.628778,-0.008444,-0.425317,0.515955,0.743569,-0.01826,-0.005761,0.011808,-0.213217,-0.272479,-0.086414,-0.884401
557,0.083603,0.054744,0.390569,-0.599564,0.431845,-0.673852,-0.603299,-0.797076,0.025896,-0.525189,0.421519,0.739273,-0.011381,-0.003703,0.012651,-0.089531,-0.289242,0.266136,-1.913157,-0.079367,0.074608,0.369127,0.074539,0.658822,0.748591,-0.586852,0.635952,-0.501103,-0.806263,-0.402794,0.433082,0.017097,-0.015126,-0.008914,1.21578,-0.55029,0.845222,-1.397902,0.053429,0.057531,0.003953,0.140816,-0.714595,0.685217,0.556576,-0.51525,-0.65172,0.818775,0.473149,0.325171,0.008442,-0.007224,-0.004277,0.126509,0.518213,0.126467,-0.860502,0.078505,0.049409,-0.04432,-0.472474,0.565407,-0.676078,-0.764941,-0.644087,-0.004076,-0.437758,0.515234,0.736817,-0.005746,-0.001994,0.006268,-0.111326,-0.214716,0.044931,-0.884891
558,0.08283,0.054564,0.391172,-0.600056,0.418411,-0.681843,-0.592262,-0.805277,0.026987,-0.537041,0.419498,0.731872,-0.024493,-0.012536,0.022745,-0.22086,-0.32471,-0.072514,-1.913148,-0.078966,0.074089,0.368801,0.08633,0.648333,0.756442,-0.555176,0.661808,-0.503712,-0.827265,-0.377293,0.41611,0.004704,-0.014331,-0.007714,0.316691,0.163562,0.433698,-1.397905,0.053639,0.057255,0.003781,0.125824,-0.706164,0.696778,0.524803,-0.548654,-0.650814,0.841872,0.447559,0.301563,0.002312,-0.00703,-0.003787,0.32103,0.192292,0.477657,-0.864911,0.078115,0.049323,-0.044011,-0.475545,0.553589,-0.683663,-0.756161,-0.654372,-0.003898,-0.449528,0.515106,0.729786,-0.011529,-0.000704,0.007102,-0.281407,-0.519376,-0.14733,-0.886034
559,0.082039,0.054262,0.391917,-0.601154,0.406735,-0.687914,-0.577319,-0.816209,0.02184,-0.551858,0.409765,0.726342,-0.0126,-0.014074,0.021626,1.203425,-0.253687,-0.964618,-1.913315,-0.078755,0.073531,0.368498,0.108964,0.631972,0.767287,-0.506507,0.699503,-0.504062,-0.855375,-0.334514,0.395344,0.004687,-0.014266,-0.007725,0.315911,0.226627,0.464922,-1.397938,0.053742,0.056985,0.003634,0.103877,-0.693782,0.712654,0.481488,-0.591891,-0.646399,0.870274,0.41028,0.272564,-0.003125,-0.009035,-0.004469,1.225834,-0.19316,1.011728,-0.865564,0.077715,0.049171,-0.043639,-0.478212,0.542374,-0.690755,-0.745028,-0.666984,-0.007924,-0.465021,0.510843,0.723044,-0.005612,-0.001457,0.006534,4.299094,-0.746286,-3.342167,-0.884891
560,0.081717,0.054085,0.392295,-0.601127,0.405102,-0.6889,-0.574849,-0.817985,0.020521,-0.554455,0.407841,0.725446,-0.011195,-0.003105,0.012973,1.111607,-0.107781,-1.047032,-1.913876,-0.078687,0.073275,0.368339,0.120669,0.622348,0.773378,-0.479159,0.718861,-0.503567,-0.869461,-0.310597,0.383966,0.004321,-0.013148,-0.00714,0.056695,0.342695,0.286226,-1.397705,0.053776,0.056856,0.003554,0.092501,-0.685771,0.721914,0.456835,-0.614981,-0.642727,0.884728,0.389248,0.256398,0.000993,-0.00136,-0.007752,0.348783,0.241488,0.505954,-0.868667,0.077558,0.049083,-0.043455,-0.476442,0.542968,-0.691511,-0.745633,-0.66629,-0.009434,-0.465869,0.511119,0.722303,-0.011411,-0.000311,0.007305,-0.029214,-0.049929,0.130691,-0.885054
561,0.081219,0.053687,0.393047,-0.604189,0.395342,-0.691885,-0.564009,-0.82549,0.020761,-0.562191,0.402276,0.722594,-0.012083,-0.012498,0.022451,-0.096079,-0.108072,0.077112,-1.914682,-0.078616,0.072819,0.368054,0.134646,0.600578,0.788142,-0.427341,0.75285,-0.500531,-0.894095,-0.270176,0.357019,0.003599,-0.010953,-0.005977,0.016287,0.687777,0.490971,-1.397781,0.053812,0.056626,0.00341,0.078201,-0.66822,0.739841,0.410283,-0.654783,-0.634764,0.908598,0.353184,0.222954,0.001787,-0.005449,-0.002968,0.257082,0.608519,0.650609,-0.871116,0.077304,0.048881,-0.043075,-0.484407,0.531249,-0.695071,-0.732892,-0.680282,-0.009181,-0.477722,0.504965,0.718881,-0.005224,-0.000412,0.007071,-0.055362,-0.139406,0.112304,-0.886523
562,0.080865,0.053248,0.393997,-0.600318,0.390548,-0.697951,-0.557611,-0.829947,0.015125,-0.572615,0.397775,0.716878,-0.010617,-0.008191,0.024618,1.356525,-2.00844,1.54513,-1.913803,-0.078448,0.072489,0.367817,0.138727,0.582881,0.800622,-0.388668,0.775658,-0.497217,-0.910967,-0.242943,0.333136,0.00258,-0.007845,-0.004298,0.296789,0.600044,0.44118,-1.397783,0.053898,0.056457,0.00329,0.074676,-0.652069,0.754473,0.376049,-0.682314,-0.626924,0.923585,0.330535,0.194257,0.005829,0.002578,-0.006068,1.288034,0.037957,1.049266,-0.882057,0.077126,0.048656,-0.042602,-0.483799,0.527028,-0.698698,-0.727526,-0.685943,-0.013647,-0.48646,0.501719,0.715285,0.000459,-0.005425,0.011461,-0.375137,-0.583464,-0.322105,-0.887503
563,0.080741,0.052951,0.394576,-0.601896,0.385425,-0.699438,-0.549749,-0.835215,0.012762,-0.57852,0.391713,0.715474,-0.010504,-0.007861,0.024793,-0.070478,0.036135,-0.036594,-1.914217,-0.078377,0.072433,0.367698,0.145764,0.570657,0.808143,-0.366082,0.790033,-0.491697,-0.919199,-0.224904,0.323041,-0.000745,0.005591,-0.011028,0.366757,0.31384,0.537089,-1.397863,0.053934,0.056425,0.003233,0.068882,-0.640931,0.7645,0.357593,-0.699537,-0.618687,0.931333,0.315997,0.181007,-0.00027,0.002711,-0.005658,4.466638,-1.878738,2.381804,-0.880587,0.077064,0.04851,-0.042312,-0.484022,0.521246,-0.702868,-0.720992,-0.692728,-0.017224,-0.495874,0.498426,0.71111,-0.000127,-0.010532,0.016012,-0.094758,-0.027823,0.160453,-0.88734
564,0.080592,0.052264,0.395856,-0.599138,0.37141,-0.709319,-0.535092,-0.844722,0.009591,-0.594875,0.384831,0.70573,0.000666,-0.018469,0.033338,-0.204505,-0.271983,0.040571,-1.914438,-0.07836,0.072446,0.36743,0.149772,0.545717,0.824472,-0.317164,0.816361,-0.482594,-0.93658,-0.189912,0.294304,-0.000513,0.004885,-0.011417,0.057564,0.698621,0.283486,-1.397774,0.053941,0.056437,0.003102,0.064629,-0.617293,0.784073,0.313133,-0.733486,-0.603278,0.947507,0.284508,0.14589,0.000874,-0.002665,-0.001456,0.319921,0.556338,0.662806,-0.884343,0.076985,0.048176,-0.041688,-0.484561,0.507651,-0.712383,-0.708529,-0.705377,-0.020719,-0.513017,0.494704,0.701484,-0.006108,-0.0132,0.02199,-0.321091,-0.407097,-0.105979,-0.886687
565,0.08052,0.051355,0.397385,-0.594709,0.361553,-0.718086,-0.522365,-0.8527,0.003212,-0.610416,0.376558,0.696867,-0.000452,-0.028582,0.042581,-0.159121,-0.087258,0.110969,-1.914705,-0.078313,0.072381,0.367077,0.145927,0.519377,0.841988,-0.267152,0.840199,-0.471837,-0.952648,-0.156753,0.260294,0.000389,0.002151,-0.01293,0.310941,0.939584,0.62295,-1.397991,0.053963,0.056409,0.002928,0.067449,-0.593355,0.802109,0.26895,-0.763367,-0.587312,0.960789,0.255341,0.108095,0.000188,0.001111,-0.006439,1.334726,-0.032667,0.673319,-0.890058,0.076951,0.047723,-0.040913,-0.481933,0.496451,-0.721994,-0.697813,-0.715793,-0.026394,-0.529902,0.491097,0.691395,-0.000133,-0.013956,0.021457,-0.14843,-0.149601,0.297591,-0.885054
566,0.080451,0.050779,0.398229,-0.595572,0.355487,-0.720395,-0.511669,-0.859166,-0.001027,-0.618568,0.367545,0.694486,-0.001144,-0.03063,0.041629,-0.124961,-0.118248,0.317162,-1.914544,-0.078299,0.072458,0.366854,0.144745,0.505189,0.850779,-0.242497,0.851754,-0.464376,-0.9594,-0.139746,0.244717,-0.00066,0.005333,-0.011175,-0.051467,1.029034,0.460289,-1.397876,0.053972,0.056439,0.002812,0.068937,-0.579232,0.812241,0.247224,-0.778863,-0.576412,0.966502,0.240542,0.089508,-0.000208,0.00228,-0.005795,-0.005173,1.000261,0.673698,-0.89365,0.076919,0.047451,-0.040504,-0.484342,0.490842,-0.724214,-0.688529,-0.724562,-0.030602,-0.539759,0.483821,0.688895,-0.006305,-0.013767,0.021778,-0.115458,-0.087469,0.284407,-0.884238
567,0.080221,0.049492,0.399858,-0.593802,0.34756,-0.725704,-0.494666,-0.868991,-0.011499,-0.633894,0.351716,0.688841,-0.002067,-0.033376,0.040406,-0.124659,-0.115852,0.318949,-1.914813,-0.07823,0.072861,0.366367,0.142288,0.470002,0.871116,-0.176201,0.878068,-0.44484,-0.974121,-0.090804,0.206652,-0.003426,0.017049,-0.018804,1.389168,0.476343,0.893271,-1.397986,0.054006,0.056646,0.002566,0.07207,-0.545033,0.835311,0.18922,-0.814808,-0.547981,0.979286,0.197551,0.044408,-0.001742,0.008623,-0.009339,1.429704,0.543472,0.973045,-0.899202,0.076803,0.046785,-0.039658,-0.483984,0.483093,-0.729644,-0.674113,-0.737481,-0.041133,-0.55797,0.471955,0.682588,-0.001105,-0.016832,0.020138,-0.129058,-0.112127,0.317829,-0.890279
568,0.079957,0.047997,0.401561,-0.592704,0.337149,-0.731491,-0.471978,-0.881273,-0.023828,-0.651945,0.3307,0.682373,-0.014968,-0.034541,0.040389,0.237702,-0.074641,-0.074642,-1.914821,-0.078208,0.073142,0.365882,0.134651,0.431714,0.891899,-0.117671,0.900716,-0.418089,-0.983979,-0.049216,0.170956,-0.000627,0.005233,-0.01122,-0.154632,1.120535,0.552615,-1.398105,0.054016,0.056786,0.002328,0.078355,-0.507909,0.857839,0.139009,-0.846511,-0.5139,0.987185,0.159514,0.004276,-0.001413,0.007578,-0.00991,-0.351769,0.84367,1.113528,-0.904428,0.076678,0.046055,-0.03882,-0.484996,0.472929,-0.735606,-0.654621,-0.754082,-0.053206,-0.57987,0.455739,0.675316,-0.002295,-0.023759,0.023927,1.053168,0.047392,-1.046676,-0.888973
569,0.079545,0.046518,0.403024,-0.592471,0.330849,-0.734549,-0.458244,-0.888285,-0.030556,-0.661867,0.318082,0.67881,-0.005194,-0.042584,0.036185,-0.130757,-0.011631,0.116807,-1.915066,-0.078199,0.073381,0.365482,0.129408,0.400043,0.907309,-0.059743,0.916506,-0.39545,-0.989883,-0.003554,0.141357,0.009531,0.011604,-0.008574,-0.211517,0.536941,0.910683,-1.397788,0.054023,0.056902,0.002121,0.083998,-0.47649,0.875158,0.088864,-0.87118,-0.482853,0.992495,0.118329,-0.030835,0.004708,0.005949,-0.00419,-0.23172,0.505774,0.9742,-0.913572,0.076467,0.045304,-0.038072,-0.486197,0.466634,-0.738826,-0.642371,-0.764053,-0.059843,-0.592427,0.445505,0.671233,-0.002724,-0.021602,0.017948,-0.134936,-0.009106,0.116151,-0.886034
570,0.079202,0.045912,0.403582,-0.59009,0.323823,-0.73958,-0.444857,-0.894825,-0.03693,-0.673024,0.306807,0.673005,-0.016568,-0.032231,0.02745,1.307721,-1.986662,1.515265,-1.915233,-0.07808,0.073565,0.365381,0.129501,0.381592,0.91521,-0.043031,0.924292,-0.379165,-0.990739,0.00922,0.134961,0.008291,0.015335,-0.006496,-0.956318,-0.660216,2.286239,-1.397754,0.054081,0.056984,0.002071,0.084845,-0.460252,0.883724,0.075514,-0.881401,-0.466292,0.993527,0.106296,-0.040027,0.004037,0.007985,-0.003057,-0.054332,0.833807,0.213391,-0.914552,0.076302,0.045014,-0.037803,-0.488186,0.460605,-0.741293,-0.630634,-0.773336,-0.065205,-0.603303,0.435653,0.668005,-0.013435,-0.009335,0.010121,-0.03684,-0.014105,0.05575,-0.882441
571,0.078483,0.045026,0.404207,-0.587765,0.312361,-0.746331,-0.426765,-0.903369,-0.042063,-0.686625,0.29339,0.665204,-0.015739,-0.015955,0.006894,1.494114,-1.696805,1.723417,-1.914328,-0.077586,0.074037,0.365511,0.133852,0.34303,0.929734,-0.015288,0.938792,-0.344048,-0.990984,0.031386,0.129729,0.019885,0.013906,0.005925,-0.274834,0.206796,0.495362,-1.396997,0.05432,0.057217,0.002129,0.078521,-0.423722,0.902382,0.056935,-0.901793,-0.4284,0.995284,0.085016,-0.046685,0.009991,0.006801,0.00289,0.403745,0.530284,0.175675,-0.90851,0.075948,0.044572,-0.03749,-0.487573,0.447044,-0.749949,-0.614808,-0.785684,-0.068634,-0.619905,0.427611,0.657925,-0.00787,-0.007953,0.003469,-0.147568,-0.318973,-0.029888,-0.883094
572,0.077765,0.044692,0.40414,-0.584954,0.295016,-0.75554,-0.412446,-0.910249,-0.036171,-0.697678,0.290088,0.655074,-0.014716,0.000844,-0.013473,1.177714,-0.278121,-1.101998,-1.914979,-0.077054,0.074129,0.365731,0.137516,0.322,0.936695,-0.013057,0.946196,-0.323227,-0.990518,0.031793,0.133137,0.011119,0.003419,0.001002,-0.041881,0.217699,0.025636,-1.395368,0.054587,0.057286,0.002252,0.072572,-0.402313,0.91262,0.060693,-0.911555,-0.40667,0.995514,0.084903,-0.041736,0.001299,-0.00557,0.003966,-0.14284,0.277581,-0.040687,-0.915695,0.075581,0.044388,-0.037511,-0.485621,0.43113,-0.760459,-0.603817,-0.794482,-0.064827,-0.63212,0.427697,0.646141,-0.013016,0.002445,-0.005555,4.07552,-0.203611,-3.665716,-0.892892
573,0.077377,0.044744,0.403899,-0.581216,0.292401,-0.759431,-0.412833,-0.910136,-0.034543,-0.700568,0.293072,0.650646,-0.013688,0.010693,-0.022945,-0.003158,-0.282421,0.066506,-1.914272,-0.076862,0.07414,0.365796,0.147366,0.309204,0.939504,-0.012316,0.950384,-0.31073,-0.989123,0.03381,0.142674,0.010563,0.005075,0.00192,-0.26193,-0.359271,0.574742,-1.374992,0.054686,0.057285,0.002281,0.06261,-0.391659,0.917977,0.06258,-0.916431,-0.395268,0.996073,0.082195,-0.032868,0.005524,0.001755,0.000517,-0.856448,-1.268672,1.953752,-0.911612,0.075386,0.044408,-0.037629,-0.483135,0.426733,-0.764512,-0.602841,-0.79537,-0.06299,-0.63495,0.430447,0.641523,-0.013316,0.001464,-0.006017,-0.047154,-0.248158,-0.007718,-0.894198
574,0.076658,0.045034,0.403065,-0.578344,0.281743,-0.765627,-0.40184,-0.91509,-0.033268,-0.709277,0.288063,0.643408,-0.014608,0.008138,-0.024222,0.052749,-0.147504,0.130306,-1.914344,-0.076219,0.074591,0.36606,0.167275,0.278781,0.94567,-0.01985,0.959947,-0.279357,-0.985853,0.027587,0.164912,0.029109,0.022711,0.009891,-0.063838,-0.206511,0.343014,-1.305578,0.055005,0.057488,0.002402,0.040291,-0.364348,0.93039,0.076777,-0.927264,-0.366449,0.996233,0.086198,-0.009387,0.009033,0.009546,0.00438,-0.26625,-0.409209,0.648499,-0.88173,0.075026,0.044553,-0.038045,-0.482431,0.415657,-0.77103,-0.59331,-0.802624,-0.061457,-0.644393,0.427812,0.633825,-0.007506,0.003458,-0.012401,0.061267,0.001357,-0.047222,-0.894688
575,0.076229,0.045429,0.401972,-0.575529,0.265626,-0.773469,-0.384692,-0.922521,-0.030637,-0.72097,0.279579,0.634087,-0.001805,0.015427,-0.035327,1.317654,-0.245639,-0.963711,-1.912193,-0.075404,0.07535,0.366537,0.195818,0.240357,0.950723,-0.028746,0.970483,-0.239311,-0.980397,0.019209,0.195742,0.01979,0.010402,0.018023,-0.295227,-0.391033,0.603248,-1.167142,0.05542,0.057886,0.002649,0.008686,-0.330298,0.943836,0.093788,-0.939441,-0.329624,0.995553,0.091384,0.022818,0.009848,0.005331,0.009073,-0.29699,-0.403584,0.654548,-0.809719,0.074804,0.04475,-0.038602,-0.482838,0.400004,-0.779014,-0.578739,-0.813379,-0.058944,-0.657212,0.422386,0.624228,-0.000877,0.007746,-0.01764,1.335064,-0.23383,-0.966854,-0.894851
576,0.07595,0.045833,0.40103,-0.577254,0.259282,-0.774336,-0.372304,-0.927505,-0.033092,-0.726068,0.268857,0.632904,-0.012995,0.012764,-0.021927,0.066359,-0.011333,-0.024956,-1.903317,-0.075009,0.075736,0.366983,0.224727,0.215992,0.950177,-0.051702,0.976385,-0.209601,-0.973264,-0.002314,0.22938,0.009626,0.004214,0.015474,-0.306555,-0.454439,0.52159,-1.110563,0.055613,0.058083,0.002869,-0.022441,-0.310566,0.950286,0.122144,-0.944256,-0.305712,0.992258,0.109211,0.059123,0.003754,0.006826,0.003292,-0.871143,-1.283015,1.959938,-0.785062,0.074668,0.044942,-0.039068,-0.48618,0.394198,-0.779895,-0.567355,-0.821182,-0.061382,-0.664633,0.412634,0.622892,-0.000677,0.004881,-0.011898,0.067796,-0.022224,0.00724,-0.893382
577,0.07594,0.045948,0.400667,-0.578606,0.255683,-0.774524,-0.36603,-0.92998,-0.033628,-0.728176,0.263718,0.632646,0.010937,0.008779,-0.024672,0.068338,-0.040738,0.034162,-1.894417,-0.074801,0.075918,0.36723,0.241504,0.210203,0.947356,-0.075561,0.977358,-0.197476,-0.967688,-0.024174,0.250715,0.006684,0.016142,0.00795,-0.343492,-0.7819,0.055265,-1.04531,0.055718,0.058167,0.002994,-0.03858,-0.305481,0.951415,0.147795,-0.943397,-0.296913,0.988264,0.12916,0.081545,0.010068,0.004551,0.008633,-1.109197,-2.12015,1.639971,-0.772815,0.074653,0.044999,-0.039249,-0.488342,0.390985,-0.780161,-0.561751,-0.824992,-0.061825,-0.6678,0.408065,0.622514,-0.000773,0.001195,-0.006572,0.032605,-0.005871,-0.009599,-0.892075
578,0.076069,0.045912,0.400299,-0.583255,0.244833,-0.774541,-0.348544,-0.936671,-0.033686,-0.733018,0.250004,0.632621,-0.001424,-0.004014,-0.002019,0.0,0.0,-0.0,-1.887135,-0.074129,0.076387,0.367865,0.280061,0.195319,0.939898,-0.138232,0.977071,-0.161732,-0.950258,-0.084892,0.299442,0.019934,0.009627,0.01752,-0.160053,-0.569414,-0.00073,-0.853433,0.056047,0.058399,0.003305,-0.08,-0.296354,0.951721,0.215556,-0.937333,-0.273754,0.973208,0.183249,0.138867,0.00995,0.004773,0.008738,-1.452015,-2.042862,1.955531,-0.706846,0.074722,0.044984,-0.039443,-0.495253,0.381434,-0.780533,-0.546144,-0.835414,-0.06172,-0.67561,0.395717,0.622059,0.005014,-0.003765,-0.00208,1.3e-05,-0.014368,0.030415,-0.893545
579,0.076359,0.04556,0.400315,-0.597921,0.224863,-0.769398,-0.315725,-0.948301,-0.03186,-0.736046,0.223582,0.638964,0.009632,-0.01547,0.00621,1.367523,0.365477,-0.895047,-1.870459,-0.073541,0.076776,0.368452,0.319313,0.197243,0.92689,-0.215782,0.967522,-0.131429,-0.923081,-0.158301,0.350322,0.020309,0.008413,0.016835,-1.824404,-1.022305,0.338635,-0.677814,0.056342,0.058604,0.003604,-0.120794,-0.302322,0.945521,0.294289,-0.920582,-0.256751,0.948051,0.247243,0.200171,0.004594,0.002724,0.007861,-6.121444,-1.600167,0.588123,-0.643163,0.074864,0.044816,-0.039436,-0.513038,0.365097,-0.776849,-0.518265,-0.853201,-0.058714,-0.684245,0.372491,0.626942,0.004733,-0.007779,0.003015,4.432106,0.611236,-3.097404,-0.884564
580,0.0768,0.045133,0.400494,-0.610233,0.208503,-0.764322,-0.289022,-0.956827,-0.030332,-0.736894,0.202131,0.645103,0.01171,-0.002762,-0.001759,0.150893,0.352613,0.203626,-1.850698,-0.072845,0.077131,0.36895,0.353281,0.218457,0.909648,-0.304961,0.946112,-0.10865,-0.884778,-0.239309,0.399702,0.022052,0.003342,0.014087,-4.985135,-0.47032,-1.67767,-0.522633,0.056687,0.058789,0.003858,-0.156056,-0.324731,0.932842,0.379758,-0.891549,-0.246826,0.911827,0.315736,0.262451,0.009529,0.007607,0.003266,0.005456,-1.259988,0.653401,-0.623078,0.075085,0.044598,-0.039343,-0.529319,0.350597,-0.772594,-0.492606,-0.86841,-0.056584,-0.690768,0.350634,0.632372,0.005321,-0.006335,0.003807,0.218748,0.624055,0.316146,-0.883094
581,0.077022,0.044964,0.400606,-0.616531,0.198655,-0.761886,-0.272987,-0.961539,-0.029877,-0.737756,0.189312,0.648,0.012309,-0.001058,-0.000901,0.142508,0.253377,0.130029,-1.83646,-0.072542,0.077199,0.36911,0.370143,0.23701,0.898227,-0.349151,0.931487,-0.101779,-0.861245,-0.276252,0.426386,0.012515,-0.004288,0.010817,-5.251842,-1.059848,-2.198903,-0.456016,0.056841,0.05883,0.003941,-0.171108,-0.342123,0.923944,0.422195,-0.872772,-0.244987,0.890209,0.348166,0.293781,0.011797,-0.000568,0.005844,-1.383885,-1.12394,-0.034195,-0.617363,0.075195,0.044513,-0.039288,-0.538004,0.342938,-0.770029,-0.478034,-0.876529,-0.056376,-0.694287,0.33777,0.635512,0.005696,-0.005269,0.004347,0.246661,0.419227,0.127038,-0.880972
582,0.077456,0.044744,0.40087,-0.630046,0.177193,-0.756102,-0.240906,-0.970167,-0.026686,-0.737494,0.16511,0.65488,0.012298,-0.007937,0.010012,0.031574,0.068118,0.047168,-1.799201,-0.071953,0.076916,0.369298,0.397783,0.282542,0.872886,-0.439006,0.894009,-0.089188,-0.806038,-0.348087,0.478541,0.015934,-0.013882,0.00566,-4.744095,-1.175186,-2.395372,-0.346135,0.057139,0.058689,0.00404,-0.198038,-0.391053,0.898808,0.512094,-0.823154,-0.245306,0.835786,0.411695,0.363272,0.008172,-0.007386,0.00254,-4.736163,-1.299059,-2.480915,-0.583072,0.075417,0.044402,-0.039156,-0.556598,0.325726,-0.764264,-0.448685,-0.89209,-0.053437,-0.699199,0.313171,0.642684,0.006191,-0.003851,0.005062,0.01873,0.024916,0.031898,-0.878033
583,0.077853,0.044645,0.401056,-0.646068,0.152174,-0.747987,-0.203332,-0.978811,-0.023579,-0.734927,0.13666,0.664254,0.001397,0.004013,0.002014,4.184923,0.219733,-3.604847,-1.714095,-0.071461,0.076341,0.369353,0.410166,0.350948,0.841778,-0.545225,0.83423,-0.081997,-0.7315,-0.425772,0.532438,0.00349,-0.009799,-0.005296,-4.80973,-1.111613,-3.113425,-0.252036,0.05738,0.058405,0.004065,-0.20853,-0.454774,0.865849,0.606442,-0.754692,-0.250335,0.767295,0.472885,0.43317,0.003209,-0.01063,0.001211,-4.877534,-1.002652,-3.064362,-0.489996,0.075612,0.044356,-0.039061,-0.576277,0.307965,-0.757008,-0.419327,-0.906481,-0.049558,-0.701476,0.288875,0.651523,0.006408,0.000216,-8.2e-05,0.16677,0.111689,-0.002391,-0.864969
584,0.078075,0.044636,0.401034,-0.65435,0.135502,-0.743983,-0.181676,-0.983154,-0.019346,-0.733261,0.12233,0.668873,0.012073,-0.001695,-0.001225,0.008733,0.220167,-0.177059,-1.660968,-0.071304,0.076035,0.369362,0.411533,0.385785,0.825713,-0.597792,0.798112,-0.074812,-0.688361,-0.463305,0.558006,0.003497,-0.009811,-0.005313,-1.353739,-1.400623,-0.364932,-0.189719,0.05746,0.058249,0.004067,-0.208502,-0.490491,0.846135,0.656105,-0.711737,-0.250908,0.725294,0.502839,0.470213,0.003097,-0.010478,0.001337,-2.628919,-2.862058,1.003764,-0.436763,0.07573,0.044357,-0.03907,-0.589782,0.290081,-0.753664,-0.39395,-0.918026,-0.045056,-0.704954,0.270332,0.655713,0.006003,-0.000958,-0.000671,-0.009049,0.204068,-0.19563,-0.852559
585,0.078513,0.044736,0.400866,-0.663661,0.104793,-0.740687,-0.143925,-0.989512,-0.01111,-0.733261,0.099093,0.672707,0.000724,0.002094,0.00105,0.11635,-0.086844,0.077478,-1.639002,-0.070996,0.07542,0.369273,0.413675,0.452815,0.789824,-0.68996,0.721905,-0.05236,-0.59438,-0.523857,0.61004,0.004534,-0.012698,-0.00691,-4.3506,-1.067276,-2.712643,-0.096422,0.057619,0.057936,0.004025,-0.211402,-0.555155,0.804432,0.742387,-0.62654,-0.237292,0.635743,0.547037,0.544592,0.007961,-0.005107,-0.00321,-0.583886,-1.833775,0.811225,-0.328828,0.075947,0.044402,-0.039156,-0.605708,0.261849,-0.751366,-0.358755,-0.932742,-0.035851,-0.710219,0.247841,0.65891,0.006791,0.004767,-0.004981,0.412061,-0.051055,-0.258091,-0.848314
586,0.078702,0.044856,0.400835,-0.678117,0.07472,-0.731177,-0.122146,-0.992428,0.011792,-0.723919,0.097207,0.683022,0.00109,0.003157,0.001581,-0.009532,0.025802,-0.051637,-1.639853,-0.070787,0.074991,0.36894,0.42234,0.496629,0.758275,-0.746361,0.665197,-0.019812,-0.514746,-0.558202,0.650623,0.004571,-0.012786,-0.006996,-5.879443,-2.445434,-1.037666,-0.060581,0.057726,0.057713,0.003854,-0.219104,-0.59901,0.770181,0.799261,-0.562932,-0.210445,0.559619,0.569467,0.602107,0.002313,-0.006394,-0.003503,-5.899087,-2.336544,-0.978374,-0.259756,0.07604,0.04446,-0.039173,-0.62665,0.235565,-0.742844,-0.338737,-0.940796,-0.012585,-0.70183,0.243743,0.669345,0.000338,0.00097,0.000486,-0.035343,0.128369,-0.256102,-0.8635
587,0.078733,0.044849,0.400863,-0.681797,0.070039,-0.728211,-0.116146,-0.993131,0.013151,-0.721443,0.093451,0.686159,0.000642,0.00186,0.000931,0.062427,0.148692,0.104121,-1.638665,-0.070751,0.074791,0.368812,0.422486,0.514153,0.746421,-0.770289,0.637636,-0.003069,-0.478029,-0.574307,0.664472,0.003636,-0.010171,-0.005577,-0.277679,-0.744934,0.773347,-0.048636,0.057745,0.057612,0.00379,-0.218436,-0.615837,0.756987,0.823736,-0.532266,-0.195321,0.523205,0.580893,0.623554,0.001789,-0.005009,-0.002745,-1.229884,-0.802065,0.119613,-0.245387,0.076057,0.04446,-0.039157,-0.631184,0.231741,-0.740203,-0.333061,-0.942838,-0.011174,-0.700482,0.239481,0.672289,0.000289,0.000833,0.000418,0.074546,0.17333,0.122815,-0.869541
588,0.078723,0.044645,0.401008,-0.691469,0.056258,-0.720244,-0.09638,-0.995222,0.014719,-0.715117,0.079518,0.694487,-0.001608,-0.011533,0.00858,0.076725,0.409487,-0.047291,-1.639245,-0.070676,0.074444,0.368657,0.411599,0.549833,0.726816,-0.817397,0.575345,0.027808,-0.403374,-0.606231,0.685301,0.002187,-0.006118,-0.003365,-0.272578,-0.634652,0.663447,-0.020587,0.057784,0.057434,0.003709,-0.207447,-0.647746,0.733068,0.868372,-0.466984,-0.166896,0.450438,0.601954,0.65936,0.001222,-0.003423,-0.001884,-1.137669,-0.769209,-0.01995,-0.213872,0.076054,0.044366,-0.039086,-0.643527,0.220221,-0.733058,-0.314375,-0.949253,-0.00919,-0.697882,0.224542,0.680103,-0.000311,-0.000906,-0.000453,0.169109,0.436775,0.211838,-0.869051
589,0.078631,0.044233,0.401341,-0.704417,0.052194,-0.707897,-0.083449,-0.996453,0.009495,-0.704017,0.06569,0.707158,-0.001247,-0.010489,0.009111,0.078001,0.304494,0.122213,-1.637077,-0.07069,0.074253,0.368546,0.394442,0.58414,0.709357,-0.85576,0.51467,0.052192,-0.33507,-0.628355,0.70197,0.000975,-0.002729,-0.001504,-3.885907,-0.704422,-3.2349,-0.01762,0.057778,0.057337,0.003653,-0.193659,-0.676432,0.710587,0.901177,-0.408941,-0.143684,0.387781,0.61254,0.688781,-0.000797,0.003983,-0.004863,0.01586,-0.5166,0.767491,-0.201462,0.076006,0.044155,-0.038922,-0.657955,0.219463,-0.720367,-0.301902,-0.953225,-0.014659,-0.68989,0.207836,0.693436,-0.000631,-0.005251,0.004557,0.080545,0.420374,-0.040097,-0.87444
590,0.078486,0.043674,0.401937,-0.718521,0.053659,-0.693465,-0.077384,-0.996983,0.002958,-0.690323,0.055714,0.721372,-0.001642,-0.018513,0.01948,0.059771,0.359759,0.123325,-1.627009,-0.070659,0.074115,0.368472,0.384509,0.609771,0.693054,-0.879116,0.470809,0.07367,-0.281836,-0.638362,0.716188,0.001456,-0.004075,-0.002249,-3.769074,-0.806098,-3.309253,-0.016843,0.05779,0.057276,0.00362,-0.184271,-0.699414,0.690553,0.923214,-0.364222,-0.12254,0.337221,0.614948,0.712824,0.000532,-0.001494,-0.000824,0.065777,-0.400496,0.668504,-0.199176,0.075934,0.043883,-0.038637,-0.671377,0.223671,-0.706556,-0.296041,-0.954943,-0.021001,-0.67942,0.19507,0.707343,-0.006489,-0.00731,0.010906,0.120348,0.515835,0.194301,-0.872807
591,0.078423,0.043338,0.40232,-0.724839,0.051559,-0.687019,-0.071569,-0.997421,0.000579,-0.684319,0.049517,0.727518,-0.001505,-0.018121,0.019691,0.169534,0.734411,0.081257,-1.612424,-0.070597,0.07401,0.368444,0.383905,0.616469,0.68744,-0.885273,0.457257,0.084504,-0.262704,-0.641783,0.720392,0.001837,-0.005139,-0.002839,-0.096729,-0.101889,0.582226,-0.014481,0.057821,0.057224,0.003607,-0.180642,-0.707683,0.683045,0.931669,-0.345688,-0.111763,0.315213,0.616184,0.721773,0.000918,-0.002572,-0.001424,-0.122281,-0.03213,0.624408,-0.197869,0.075902,0.043709,-0.038437,-0.677273,0.221824,-0.701494,-0.29037,-0.956657,-0.022166,-0.676007,0.188681,0.71233,-0.000651,-0.008742,0.01001,-0.055192,0.079015,-0.008161,-0.866439
592,0.078235,0.042642,0.403282,-0.733654,0.053001,-0.677487,-0.071572,-0.997421,-0.000603,-0.674862,0.047974,0.736402,-0.011775,-0.011155,0.023587,0.005289,0.236579,0.026569,-1.565666,-0.070556,0.073832,0.3684,0.382824,0.625586,0.679764,-0.893596,0.437292,0.100977,-0.234546,-0.64687,0.725542,0.003706,-0.013891,0.006459,-0.039332,-0.148931,0.309574,-0.016502,0.057843,0.057131,0.003583,-0.180273,-0.715269,0.675197,0.940554,-0.326237,-0.094478,0.287851,0.618028,0.731561,0.001808,-0.006824,0.003295,-0.00946,-0.187661,0.283178,-0.196563,0.075811,0.043355,-0.037959,-0.686893,0.226226,-0.69065,-0.290428,-0.956583,-0.024485,-0.666204,0.183766,0.722773,-0.0004,-0.011452,0.015865,-0.028471,0.33043,-0.103741,-0.858764
593,0.077799,0.042225,0.40432,-0.742849,0.049066,-0.667692,-0.069441,-0.997565,0.003872,-0.664955,0.049173,0.745281,-0.022238,-0.004739,0.027191,-0.04476,0.216987,-0.207538,-1.494657,-0.070442,0.073654,0.368455,0.368297,0.642563,0.671908,-0.909537,0.398567,0.117562,-0.192703,-0.655223,0.73035,0.011989,0.001087,-0.000293,0.017105,-0.197967,0.340267,-0.021344,0.057895,0.057043,0.003611,-0.165373,-0.729798,0.663359,0.954813,-0.286895,-0.077598,0.246945,0.620552,0.744266,0.000153,-0.000438,-0.000244,0.020899,-0.217418,0.294249,-0.200809,0.075597,0.043144,-0.037442,-0.69695,0.224492,-0.681074,-0.288635,-0.957226,-0.020152,-0.656467,0.182538,0.731935,-0.00473,0.001254,0.008017,-0.016319,0.066797,0.004431,-0.839006
594,0.077492,0.0422,0.404762,-0.745997,0.047084,-0.664316,-0.067869,-0.997665,0.005425,-0.661585,0.049068,0.748281,-0.021547,-0.002772,0.028169,0.053781,0.450568,-0.098584,-1.480669,-0.070324,0.073553,0.36852,0.367682,0.64767,0.667327,-0.911997,0.391259,0.122928,-0.181924,-0.654605,0.733661,0.014257,-0.008766,0.008404,-0.000298,-0.219741,0.34487,-0.020691,0.057954,0.056995,0.003639,-0.164948,-0.734592,0.658153,0.957342,-0.279758,-0.072318,0.237248,0.61815,0.749402,0.000269,-0.000762,-0.000425,0.026023,-0.101796,0.166106,-0.201298,0.075443,0.043129,-0.037222,-0.699725,0.222235,-0.678967,-0.287103,-0.957737,-0.017599,-0.654183,0.182619,0.733957,-0.010144,0.003912,0.009531,0.183958,0.535132,0.212865,-0.836883
595,0.076815,0.042439,0.405598,-0.752192,0.036371,-0.657974,-0.064407,-0.99774,0.018398,-0.654885,0.056165,0.753657,-0.019022,0.011226,0.020703,-0.035487,0.024644,-0.023681,-1.445213,-0.070056,0.073258,0.368809,0.370067,0.656617,0.657187,-0.914787,0.38062,0.135009,-0.161936,-0.651966,0.740661,0.001772,-0.008473,0.00947,-0.019119,-0.101724,0.146773,-0.020696,0.058095,0.05684,0.003785,-0.168469,-0.743087,0.647641,0.960998,-0.270007,-0.059817,0.219317,0.612305,0.759593,0.000802,-0.004015,0.004855,-0.012031,-0.093815,0.145275,-0.201135,0.075103,0.043243,-0.036801,-0.70903,0.2136,-0.67205,-0.284058,-0.958793,-0.005047,-0.645435,0.187323,0.740488,-0.009602,0.005401,0.010257,-0.041432,0.11642,-0.226921,-0.842272
596,0.076141,0.043082,0.406139,-0.756326,0.028788,-0.653596,-0.061273,-0.997745,0.026876,-0.65041,0.060332,0.757201,-0.018671,0.018905,0.010091,-0.007786,0.103059,-0.212303,-1.416365,-0.069866,0.072911,0.369318,0.358533,0.671307,0.648685,-0.923456,0.356518,0.141626,-0.136627,-0.650646,0.746898,0.012173,-0.002916,0.011659,-0.060093,-0.17135,0.205297,-0.02158,0.058184,0.056669,0.004036,-0.156898,-0.755627,0.635931,0.967965,-0.245457,-0.052839,0.19602,0.60727,0.769933,0.000316,-0.002668,0.005604,-0.181613,-0.289271,0.290996,-0.201952,0.074769,0.043571,-0.036523,-0.714712,0.20719,-0.668025,-0.281335,-0.959603,0.003373,-0.640341,0.190349,0.74413,-0.008689,0.014747,0.000484,0.035106,-0.004024,-0.015895,-0.844395
597,0.075494,0.04383,0.406427,-0.76073,0.021376,-0.648751,-0.058873,-0.997599,0.036084,-0.645479,0.06561,0.760973,-0.019388,0.016692,0.008977,-0.000984,0.016945,-0.03315,-1.40031,-0.069568,0.072506,0.36996,0.35311,0.686202,0.63595,-0.928098,0.342402,0.146047,-0.117959,-0.642649,0.756936,0.000207,-0.004118,0.011895,0.026082,-0.179239,0.128825,-0.020943,0.058333,0.056471,0.004348,-0.152216,-0.768876,0.621014,0.971693,-0.23128,-0.048178,0.180671,0.596102,0.782316,0.001564,-0.007921,0.009792,-0.009243,-0.155534,0.080912,-0.201788,0.074449,0.043943,-0.036379,-0.720855,0.200734,-0.663379,-0.279106,-0.960175,0.012745,-0.634402,0.19434,0.748174,-0.00394,0.006745,0.003509,-0.00296,0.084944,-0.179097,-0.852886
